Washington Redskins Schedule - NFL Football
Sports
NFL 
MLB 
NBA 
NHL 
NCAAF 
Olympics 
NCAAB 
Golf 
NASCAR 
UFC 
Fantasy 
MoreIndycar 
Golfweek 
Boxing 
Tennis 
High School 
Soccer 
MMA 
Motor Sports 
WNBA 
Horse Racing 
Cycling 
College 
NCAAW 
Video 
For The Win 
Golf
Main
Leaderboard
Schedule
Stats
Standings
PGA Tour
LPGA
More
Mlb
Main
Scores
Schedule
Standings
Statistics
Odds
Salaries
Teams
MoreRankings
Injuries
Transactions
Fantasy Baseball
Sagarin Ratings
BaseballHQ.com
TheBigLead.com
Nascar
Main
Results
Schedule
Standings
IndyCar
MoreSagarin Ratings
TheBigLead.com
Nba
Main
Scores
Schedule
Standings
Statistics
Odds
Teams
MoreRankings
Injuries
Transactions
Sagarin Ratings
NBA Packages
HoopsHype
TheBigLead.com
Ncaab
Main
Bracket Challenge
Scores
Schedule
Polls
MoreStandings
Odds
Teams
Injuries
Coaches Salaries
Sagarin Ratings
HoopsHype
TheBigLead.com
Ncaaf
Main
Fan Index
Scores
Polls
MoreOdds
Teams
Schedule
Standings
Statistics
Injuries
Transactions
Coaches Salaries
Sagarin Ratings
TheBigLead.com
Nfl
Main
Scores
Schedule
Standings
Statistics
Odds
Teams
MoreRankings
NFL Arrests
Injuries
Transactions
Fantasy Football
Sagarin Ratings
NFL Packages
TheHuddle.com
TheBigLead.com
Nhl
Main
Scores
Schedule
Standings
Statistics
Odds
Teams
MoreOdds
Rankings
Injuries
Transactions
Salaries
Sagarin Ratings
TheBigLead.com
Soccer
Main
ScoresMLS
ScheduleMLS
StandingsMLS
TeamsMLS
MLS Photo Store
MoreMLS Photo Store
Sagarin MLS Ratings
Wnba
Main
Scores
Schedule
Standings
Statistics
Odds
Teams
MoreOdds
Injuries
Main
Schedule
Statistics
Roster
MoreInjuries
Transactions
REGULAR SEASON
WEEK
DATE
OPPONENT
TIME
TV
COVERAGE
1
 Sunday, September 10th 
vs.
Philadelphia LOST(30-17) 
1:00PM ET
 FOX 
Box Score
 -- 
2
 Sunday, September 17th 
@
Los Angeles WON(27-20) 
4:25PM ET
 FOX 
Box Score
 -- 
3
 Sunday, September 24th 
vs.
Oakland WON(10-27) 
8:30PM ET
 NBC 
Box Score
 -- 
4
 Monday, October 2nd 
@
Kansas City LOST(20-29) 
8:30PM ET
 ESPN 
Box Score
 -- 
5
BYE
6
 Sunday, October 15th 
vs.
San Francisco WON(24-26) 
1:00PM ET
 FOX 
Box Score
 -- 
7
 Monday, October 23rd 
@
Philadelphia LOST(24-34) 
8:30PM ET
 ESPN 
Box Score
 -- 
8
 Sunday, October 29th 
vs.
Dallas LOST(33-19) 
4:25PM ET
 FOX 
Box Score
 -- 
9
 Sunday, November 5th 
@
Seattle WON(17-14) 
4:05PM ET
 FOX 
Box Score
 -- 
10
 Sunday, November 12th 
vs.
Minnesota LOST(38-30) 
1:00PM ET
 FOX 
Box Score
 -- 
11
 Sunday, November 19th 
@
New Orleans LOST(31-34) 
1:00PM ET
 FOX 
Box Score
 -- 
12
 Thursday, November 23rd 
vs.
New York WON(10-20) 
8:30PM ET
 None 
Box Score
 -- 
13
 Thursday, November 30th 
@
Dallas LOST(14-38) 
8:25PM ET
 NFL, NBC 
Box Score
 -- 
14
 Sunday, December 10th 
@
Los Angeles LOST(13-30) 
4:05PM ET
 CBS 
Box Score
 -- 
15
 Sunday, December 17th 
vs.
Arizona WON(15-20) 
1:00PM ET
 FOX 
Box Score
 -- 
16
 Sunday, December 24th 
vs.
Denver WON(11-27) 
1:00PM ET
 CBS 
Box Score
 -- 
17
 Sunday, December 31st 
@
New York LOST(10-18) 
1:00PM ET
 FOX 
Box Score
 -- 
PRESEASON
WEEK
DATE
OPPONENT
TIME
TV
COVERAGE
1
 Thursday, August 10th 
@
Baltimore LOST(3-23) 
7:30PM ET
 None 
Box Score
 -- 
2
 Saturday, August 19th 
vs.
Green Bay LOST(21-17) 
7:30PM ET
 None 
Box Score
 -- 
3
 Sunday, August 27th 
vs.
Cincinnati WON(17-23) 
4:30PM ET
 FOX 
Box Score
 -- 
4
 Thursday, August 31st 
@
Tampa Bay WON(13-10) 
7:30PM ET
 None 
Box Score
 -- 
^ Jump to top
