Milwaukee Brewers Schedule - MLB Baseball
Sports
NFL 
MLB 
NBA 
NHL 
NCAAF 
Olympics 
NCAAB 
Golf 
NASCAR 
UFC 
Fantasy 
MoreIndycar 
Golfweek 
Boxing 
Tennis 
High School 
Soccer 
MMA 
Motor Sports 
WNBA 
Horse Racing 
Cycling 
College 
NCAAW 
Video 
For The Win 
Golf
Main
Leaderboard
Schedule
Stats
Standings
PGA Tour
LPGA
More
Mlb
Main
Scores
Schedule
Standings
Statistics
Odds
Salaries
Teams
MoreRankings
Injuries
Transactions
Fantasy Baseball
Sagarin Ratings
BaseballHQ.com
TheBigLead.com
Nascar
Main
Results
Schedule
Standings
IndyCar
MoreSagarin Ratings
TheBigLead.com
Nba
Main
Scores
Schedule
Standings
Statistics
Odds
Teams
MoreRankings
Injuries
Transactions
Sagarin Ratings
NBA Packages
HoopsHype
TheBigLead.com
Ncaab
Main
Bracket Challenge
Scores
Schedule
Polls
MoreStandings
Odds
Teams
Injuries
Coaches Salaries
Sagarin Ratings
HoopsHype
TheBigLead.com
Ncaaf
Main
Fan Index
Scores
Polls
MoreOdds
Teams
Schedule
Standings
Statistics
Injuries
Transactions
Coaches Salaries
Sagarin Ratings
TheBigLead.com
Nfl
Main
Scores
Schedule
Standings
Statistics
Odds
Teams
MoreRankings
NFL Arrests
Injuries
Transactions
Fantasy Football
Sagarin Ratings
NFL Packages
TheHuddle.com
TheBigLead.com
Nhl
Main
Scores
Schedule
Standings
Statistics
Odds
Teams
MoreOdds
Rankings
Injuries
Transactions
Salaries
Sagarin Ratings
TheBigLead.com
Soccer
Main
ScoresMLS
ScheduleMLS
StandingsMLS
TeamsMLS
MLS Photo Store
MoreMLS Photo Store
Sagarin MLS Ratings
Wnba
Main
Scores
Schedule
Standings
Statistics
Odds
Teams
MoreOdds
Injuries
Main
Schedule
Statistics
Roster
MoreInjuries
Transactions
Salaries
PRESEASON
DATE
OPPONENT
TIME
TV
COVERAGE
 Friday, February 23rd 
vs.
Chicago
3:05PM ET
 None 
 -- 
 Friday, February 23rd 
@
San Francisco
3:05PM ET
 None 
 -- 
 Saturday, February 24th 
@
Los Angeles
3:10PM ET
 None 
 -- 
 Sunday, February 25th 
@
Arizona
3:10PM ET
 None 
 -- 
 Monday, February 26th 
vs.
Cleveland
3:05PM ET
 None 
 -- 
 Tuesday, February 27th 
vs.
Cincinnati
3:05PM ET
 None 
 -- 
 Wednesday, February 28th 
vs.
San Francisco
3:05PM ET
 None 
 -- 
 Thursday, March 1st 
@
Arizona
3:10PM ET
 None 
 -- 
 Friday, March 2nd 
vs.
Seattle
3:05PM ET
 None 
 -- 
 Saturday, March 3rd 
@
Colorado
3:10PM ET
 None 
 -- 
 Sunday, March 4th 
vs.
Cleveland
3:05PM ET
 None 
 -- 
 Tuesday, March 6th 
@
Chicago
3:05PM ET
 None 
 -- 
 Wednesday, March 7th 
@
Kansas City
3:05PM ET
 None 
 -- 
 Thursday, March 8th 
vs.
Arizona
3:05PM ET
 None 
 -- 
 Friday, March 9th 
vs.
Oakland
3:05PM ET
 None 
 -- 
 Saturday, March 10th 
vs.
Colorado
3:05PM ET
 None 
 -- 
 Sunday, March 11th 
@
Cleveland
4:05PM ET
 None 
 -- 
 Monday, March 12th 
@
Los Angeles
4:05PM ET
 None 
 -- 
 Tuesday, March 13th 
vs.
Texas
4:05PM ET
 None 
 -- 
 Wednesday, March 14th 
vs.
Chicago
4:05PM ET
 None 
 -- 
 Thursday, March 15th 
@
Texas
4:05PM ET
 None 
 -- 
 Friday, March 16th 
@
Cincinnati
4:05PM ET
 None 
 -- 
 Saturday, March 17th 
vs.
Colorado
4:05PM ET
 None 
 -- 
 Sunday, March 18th 
vs.
Los Angeles
4:05PM ET
 None 
 -- 
 Tuesday, March 20th 
@
Colorado
4:10PM ET
 None 
 -- 
 Wednesday, March 21st 
vs.
Oakland
4:05PM ET
 None 
 -- 
 Wednesday, March 21st 
@
Seattle
9:40PM ET
 None 
 -- 
 Thursday, March 22nd 
vs.
Kansas City
4:05PM ET
 None 
 -- 
 Friday, March 23rd 
@
Chicago
4:05PM ET
 None 
 -- 
 Saturday, March 24th 
@
Oakland
3:05PM ET
 None 
 -- 
 Sunday, March 25th 
@
Chicago
3:05PM ET
 None 
 -- 
 Monday, March 26th 
@
Houston
7:05PM ET
 None 
 -- 
 Tuesday, March 27th 
@
Houston
1:05PM ET
 None 
 -- 
REGULAR SEASON
DATE
OPPONENT
TIME
TV
COVERAGE
 Thursday, March 29th 
@
San Diego
4:10PM ET
 None 
 -- 
 Friday, March 30th 
@
San Diego
10:10PM ET
 None 
 -- 
 Saturday, March 31st 
@
San Diego
8:40PM ET
 None 
 -- 
 Monday, April 2nd 
vs.
St. Louis
2:10PM ET
 None 
 -- 
 Tuesday, April 3rd 
vs.
St. Louis
7:40PM ET
 None 
 -- 
 Wednesday, April 4th 
vs.
St. Louis
7:40PM ET
 None 
 -- 
 Thursday, April 5th 
vs.
Chicago
8:10PM ET
 None 
 -- 
 Friday, April 6th 
vs.
Chicago
8:10PM ET
 None 
 -- 
 Saturday, April 7th 
vs.
Chicago
4:05PM ET
 None 
 -- 
 Sunday, April 8th 
vs.
Chicago
2:10PM ET
 None 
 -- 
 Monday, April 9th 
@
St. Louis
7:05PM ET
 None 
 -- 
 Tuesday, April 10th 
@
St. Louis
8:15PM ET
 None 
 -- 
 Wednesday, April 11th 
@
St. Louis
1:15PM ET
 None 
 -- 
 Friday, April 13th 
@
New York
7:10PM ET
 None 
 -- 
 Saturday, April 14th 
@
New York
7:10PM ET
 None 
 -- 
 Sunday, April 15th 
@
New York
1:10PM ET
 None 
 -- 
 Monday, April 16th 
vs.
Cincinnati
7:40PM ET
 None 
 -- 
 Tuesday, April 17th 
vs.
Cincinnati
7:40PM ET
 None 
 -- 
 Wednesday, April 18th 
vs.
Cincinnati
1:40PM ET
 None 
 -- 
 Thursday, April 19th 
vs.
Miami
8:10PM ET
 None 
 -- 
 Friday, April 20th 
vs.
Miami
8:10PM ET
 None 
 -- 
 Saturday, April 21st 
vs.
Miami
7:10PM ET
 None 
 -- 
 Sunday, April 22nd 
vs.
Miami
2:10PM ET
 None 
 -- 
 Tuesday, April 24th 
@
Kansas City
8:15PM ET
 None 
 -- 
 Wednesday, April 25th 
@
Kansas City
8:15PM ET
 None 
 -- 
 Thursday, April 26th 
@
Chicago
8:05PM ET
 None 
 -- 
 Friday, April 27th 
@
Chicago
2:20PM ET
 None 
 -- 
 Saturday, April 28th 
@
Chicago
2:20PM ET
 None 
 -- 
 Sunday, April 29th 
@
Chicago
2:20PM ET
 None 
 -- 
 Monday, April 30th 
@
Cincinnati
7:10PM ET
 None 
 -- 
 Tuesday, May 1st 
@
Cincinnati
7:10PM ET
 None 
 -- 
 Wednesday, May 2nd 
@
Cincinnati
7:10PM ET
 None 
 -- 
 Friday, May 4th 
vs.
Pittsburgh
8:10PM ET
 None 
 -- 
 Saturday, May 5th 
vs.
Pittsburgh
7:10PM ET
 None 
 -- 
 Sunday, May 6th 
vs.
Pittsburgh
2:10PM ET
 None 
 -- 
 Tuesday, May 8th 
vs.
Cleveland
7:40PM ET
 None 
 -- 
 Wednesday, May 9th 
vs.
Cleveland
1:10PM ET
 None 
 -- 
 Thursday, May 10th 
@
Colorado
8:40PM ET
 None 
 -- 
 Friday, May 11th 
@
Colorado
8:40PM ET
 None 
 -- 
 Saturday, May 12th 
@
Colorado
8:10PM ET
 None 
 -- 
 Sunday, May 13th 
@
Colorado
3:10PM ET
 None 
 -- 
 Monday, May 14th 
@
Arizona
9:40PM ET
 None 
 -- 
 Tuesday, May 15th 
@
Arizona
9:40PM ET
 None 
 -- 
 Wednesday, May 16th 
@
Arizona
3:40PM ET
 None 
 -- 
 Friday, May 18th 
@
Minnesota
8:10PM ET
 None 
 -- 
 Saturday, May 19th 
@
Minnesota
7:10PM ET
 None 
 -- 
 Sunday, May 20th 
@
Minnesota
2:10PM ET
 None 
 -- 
 Monday, May 21st 
vs.
Arizona
7:40PM ET
 None 
 -- 
 Tuesday, May 22nd 
vs.
Arizona
7:40PM ET
 None 
 -- 
 Wednesday, May 23rd 
vs.
Arizona
1:10PM ET
 None 
 -- 
 Thursday, May 24th 
vs.
New York
8:10PM ET
 None 
 -- 
 Friday, May 25th 
vs.
New York
8:10PM ET
 None 
 -- 
 Saturday, May 26th 
vs.
New York
4:10PM ET
 None 
 -- 
 Sunday, May 27th 
vs.
New York
2:10PM ET
 None 
 -- 
 Monday, May 28th 
vs.
St. Louis
2:10PM ET
 None 
 -- 
 Tuesday, May 29th 
vs.
St. Louis
7:40PM ET
 None 
 -- 
 Wednesday, May 30th 
vs.
St. Louis
1:10PM ET
 None 
 -- 
 Friday, June 1st 
@
Chicago
8:10PM ET
 None 
 -- 
 Saturday, June 2nd 
@
Chicago
2:10PM ET
 None 
 -- 
 Sunday, June 3rd 
@
Chicago
2:10PM ET
 None 
 -- 
 Tuesday, June 5th 
@
Cleveland
7:10PM ET
 None 
 -- 
 Wednesday, June 6th 
@
Cleveland
1:10PM ET
 None 
 -- 
 Friday, June 8th 
@
Philadelphia
7:05PM ET
 None 
 -- 
 Saturday, June 9th 
@
Philadelphia
1:05PM ET
 None 
 -- 
 Sunday, June 10th 
@
Philadelphia
1:35PM ET
 None 
 -- 
 Monday, June 11th 
vs.
Chicago
8:10PM ET
 None 
 -- 
 Tuesday, June 12th 
vs.
Chicago
8:10PM ET
 None 
 -- 
 Wednesday, June 13th 
vs.
Chicago
2:10PM ET
 None 
 -- 
 Friday, June 15th 
vs.
Philadelphia
8:10PM ET
 None 
 -- 
 Saturday, June 16th 
vs.
Philadelphia
4:10PM ET
 None 
 -- 
 Sunday, June 17th 
vs.
Philadelphia
2:10PM ET
 None 
 -- 
 Monday, June 18th 
@
Pittsburgh
7:05PM ET
 None 
 -- 
 Tuesday, June 19th 
@
Pittsburgh
7:05PM ET
 None 
 -- 
 Wednesday, June 20th 
@
Pittsburgh
7:05PM ET
 None 
 -- 
 Thursday, June 21st 
vs.
St. Louis
8:10PM ET
 None 
 -- 
 Friday, June 22nd 
vs.
St. Louis
8:10PM ET
 None 
 -- 
 Saturday, June 23rd 
vs.
St. Louis
4:10PM ET
 None 
 -- 
 Sunday, June 24th 
vs.
St. Louis
2:10PM ET
 None 
 -- 
 Tuesday, June 26th 
vs.
Kansas City
8:10PM ET
 None 
 -- 
 Wednesday, June 27th 
vs.
Kansas City
2:10PM ET
 None 
 -- 
 Thursday, June 28th 
@
Cincinnati
7:10PM ET
 None 
 -- 
 Friday, June 29th 
@
Cincinnati
7:10PM ET
 None 
 -- 
 Saturday, June 30th 
@
Cincinnati
4:10PM ET
 None 
 -- 
 Sunday, July 1st 
@
Cincinnati
1:10PM ET
 None 
 -- 
 Monday, July 2nd 
vs.
Minnesota
8:10PM ET
 None 
 -- 
 Tuesday, July 3rd 
vs.
Minnesota
4:10PM ET
 None 
 -- 
 Wednesday, July 4th 
vs.
Minnesota
4:10PM ET
 None 
 -- 
 Thursday, July 5th 
vs.
Atlanta
8:10PM ET
 None 
 -- 
 Friday, July 6th 
vs.
Atlanta
8:10PM ET
 None 
 -- 
 Saturday, July 7th 
vs.
Atlanta
4:10PM ET
 None 
 -- 
 Sunday, July 8th 
vs.
Atlanta
2:10PM ET
 None 
 -- 
 Monday, July 9th 
@
Miami
7:10PM ET
 None 
 -- 
 Tuesday, July 10th 
@
Miami
7:10PM ET
 None 
 -- 
 Wednesday, July 11th 
@
Miami
7:10PM ET
 None 
 -- 
 Thursday, July 12th 
@
Pittsburgh
7:05PM ET
 None 
 -- 
 Friday, July 13th 
@
Pittsburgh
7:05PM ET
 None 
 -- 
 Saturday, July 14th 
@
Pittsburgh
4:05PM ET
 None 
 -- 
 Sunday, July 15th 
@
Pittsburgh
1:35PM ET
 None 
 -- 
 Friday, July 20th 
vs.
Los Angeles
8:10PM ET
 None 
 -- 
 Saturday, July 21st 
vs.
Los Angeles
7:10PM ET
 None 
 -- 
 Sunday, July 22nd 
vs.
Los Angeles
2:10PM ET
 None 
 -- 
 Monday, July 23rd 
vs.
Washington
8:10PM ET
 None 
 -- 
 Tuesday, July 24th 
vs.
Washington
8:10PM ET
 None 
 -- 
 Wednesday, July 25th 
vs.
Washington
2:10PM ET
 None 
 -- 
 Thursday, July 26th 
@
San Francisco
10:15PM ET
 None 
 -- 
 Friday, July 27th 
@
San Francisco
10:15PM ET
 None 
 -- 
 Saturday, July 28th 
@
San Francisco
9:05PM ET
 None 
 -- 
 Sunday, July 29th 
@
San Francisco
4:05PM ET
 None 
 -- 
 Monday, July 30th 
@
Los Angeles
10:10PM ET
 None 
 -- 
 Tuesday, July 31st 
@
Los Angeles
10:10PM ET
 None 
 -- 
 Wednesday, August 1st 
@
Los Angeles
10:10PM ET
 None 
 -- 
 Thursday, August 2nd 
@
Los Angeles
9:00PM ET
 None 
 -- 
 Friday, August 3rd 
vs.
Colorado
8:10PM ET
 None 
 -- 
 Saturday, August 4th 
vs.
Colorado
7:10PM ET
 None 
 -- 
 Sunday, August 5th 
vs.
Colorado
2:10PM ET
 None 
 -- 
 Tuesday, August 7th 
vs.
San Diego
8:10PM ET
 None 
 -- 
 Wednesday, August 8th 
vs.
San Diego
8:10PM ET
 None 
 -- 
 Thursday, August 9th 
vs.
San Diego
2:10PM ET
 None 
 -- 
 Friday, August 10th 
@
Atlanta
7:35PM ET
 None 
 -- 
 Saturday, August 11th 
@
Atlanta
7:10PM ET
 None 
 -- 
 Sunday, August 12th 
@
Atlanta
1:35PM ET
 None 
 -- 
 Tuesday, August 14th 
@
Chicago
2:20PM ET
 None 
 -- 
 Wednesday, August 15th 
@
Chicago
2:20PM ET
 None 
 -- 
 Friday, August 17th 
@
St. Louis
8:15PM ET
 None 
 -- 
 Saturday, August 18th 
@
St. Louis
7:15PM ET
 None 
 -- 
 Sunday, August 19th 
@
St. Louis
2:15PM ET
 None 
 -- 
 Monday, August 20th 
vs.
Cincinnati
8:10PM ET
 None 
 -- 
 Tuesday, August 21st 
vs.
Cincinnati
8:10PM ET
 None 
 -- 
 Wednesday, August 22nd 
vs.
Cincinnati
2:10PM ET
 None 
 -- 
 Friday, August 24th 
vs.
Pittsburgh
8:10PM ET
 None 
 -- 
 Saturday, August 25th 
vs.
Pittsburgh
7:10PM ET
 None 
 -- 
 Sunday, August 26th 
vs.
Pittsburgh
2:10PM ET
 None 
 -- 
 Tuesday, August 28th 
@
Cincinnati
7:10PM ET
 None 
 -- 
 Wednesday, August 29th 
@
Cincinnati
7:10PM ET
 None 
 -- 
 Thursday, August 30th 
@
Cincinnati
12:35PM ET
 None 
 -- 
 Friday, August 31st 
@
Washington
7:05PM ET
 None 
 -- 
 Saturday, September 1st 
@
Washington
7:05PM ET
 None 
 -- 
 Sunday, September 2nd 
@
Washington
1:35PM ET
 None 
 -- 
 Monday, September 3rd 
vs.
Chicago
2:10PM ET
 None 
 -- 
 Tuesday, September 4th 
vs.
Chicago
8:10PM ET
 None 
 -- 
 Wednesday, September 5th 
vs.
Chicago
8:10PM ET
 None 
 -- 
 Friday, September 7th 
vs.
San Francisco
8:10PM ET
 None 
 -- 
 Saturday, September 8th 
vs.
San Francisco
7:10PM ET
 None 
 -- 
 Sunday, September 9th 
vs.
San Francisco
2:10PM ET
 None 
 -- 
 Monday, September 10th 
@
Chicago
8:05PM ET
 None 
 -- 
 Tuesday, September 11th 
@
Chicago
8:05PM ET
 None 
 -- 
 Wednesday, September 12th 
@
Chicago
8:05PM ET
 None 
 -- 
 Friday, September 14th 
vs.
Pittsburgh
8:10PM ET
 None 
 -- 
 Saturday, September 15th 
vs.
Pittsburgh
7:10PM ET
 None 
 -- 
 Sunday, September 16th 
vs.
Pittsburgh
2:10PM ET
 None 
 -- 
 Monday, September 17th 
vs.
Cincinnati
7:40PM ET
 None 
 -- 
 Tuesday, September 18th 
vs.
Cincinnati
7:40PM ET
 None 
 -- 
 Wednesday, September 19th 
vs.
Cincinnati
7:40PM ET
 None 
 -- 
 Friday, September 21st 
@
Pittsburgh
7:05PM ET
 None 
 -- 
 Saturday, September 22nd 
@
Pittsburgh
7:05PM ET
 None 
 -- 
 Sunday, September 23rd 
@
Pittsburgh
1:35PM ET
 None 
 -- 
 Monday, September 24th 
@
St. Louis
8:15PM ET
 None 
 -- 
 Tuesday, September 25th 
@
St. Louis
8:15PM ET
 None 
 -- 
 Wednesday, September 26th 
@
St. Louis
7:15PM ET
 None 
 -- 
 Friday, September 28th 
vs.
Detroit
8:10PM ET
 None 
 -- 
 Saturday, September 29th 
vs.
Detroit
7:10PM ET
 None 
 -- 
 Sunday, September 30th 
vs.
Detroit
3:10PM ET
 None 
 -- 
^ Jump to top
