Denver Broncos Schedule - NFL Football
Sports
NFL 
MLB 
NBA 
NHL 
NCAAF 
Olympics 
NCAAB 
Golf 
NASCAR 
UFC 
Fantasy 
MoreIndycar 
Golfweek 
Boxing 
Tennis 
High School 
Soccer 
MMA 
Motor Sports 
WNBA 
Horse Racing 
Cycling 
College 
NCAAW 
Video 
For The Win 
Golf
Main
Leaderboard
Schedule
Stats
Standings
PGA Tour
LPGA
More
Mlb
Main
Scores
Schedule
Standings
Statistics
Odds
Salaries
Teams
MoreRankings
Injuries
Transactions
Fantasy Baseball
Sagarin Ratings
BaseballHQ.com
TheBigLead.com
Nascar
Main
Results
Schedule
Standings
IndyCar
MoreSagarin Ratings
TheBigLead.com
Nba
Main
Scores
Schedule
Standings
Statistics
Odds
Teams
MoreRankings
Injuries
Transactions
Sagarin Ratings
NBA Packages
HoopsHype
TheBigLead.com
Ncaab
Main
Bracket Challenge
Scores
Schedule
Polls
MoreStandings
Odds
Teams
Injuries
Coaches Salaries
Sagarin Ratings
HoopsHype
TheBigLead.com
Ncaaf
Main
Fan Index
Scores
Polls
MoreOdds
Teams
Schedule
Standings
Statistics
Injuries
Transactions
Coaches Salaries
Sagarin Ratings
TheBigLead.com
Nfl
Main
Scores
Schedule
Standings
Statistics
Odds
Teams
MoreRankings
NFL Arrests
Injuries
Transactions
Fantasy Football
Sagarin Ratings
NFL Packages
TheHuddle.com
TheBigLead.com
Nhl
Main
Scores
Schedule
Standings
Statistics
Odds
Teams
MoreOdds
Rankings
Injuries
Transactions
Salaries
Sagarin Ratings
TheBigLead.com
Soccer
Main
ScoresMLS
ScheduleMLS
StandingsMLS
TeamsMLS
MLS Photo Store
MoreMLS Photo Store
Sagarin MLS Ratings
Wnba
Main
Scores
Schedule
Standings
Statistics
Odds
Teams
MoreOdds
Injuries
Main
Schedule
Statistics
Roster
MoreInjuries
Transactions
REGULAR SEASON
WEEK
DATE
OPPONENT
TIME
TV
COVERAGE
1
 Monday, September 11th 
vs.
Los Angeles WON(21-24) 
10:20PM ET
 ESPN 
Box Score
 -- 
2
 Sunday, September 17th 
vs.
Dallas WON(17-42) 
4:25PM ET
 FOX 
Box Score
 -- 
3
 Sunday, September 24th 
@
Buffalo LOST(16-26) 
1:00PM ET
 CBS 
Box Score
 -- 
4
 Sunday, October 1st 
vs.
Oakland WON(10-16) 
4:25PM ET
 CBS 
Box Score
 -- 
5
BYE
6
 Sunday, October 15th 
vs.
New York LOST(23-10) 
8:30PM ET
 NBC 
Box Score
 -- 
7
 Sunday, October 22nd 
@
Los Angeles LOST(0-21) 
4:25PM ET
 CBS 
Box Score
 -- 
8
 Monday, October 30th 
@
Kansas City LOST(19-29) 
8:30PM ET
 ESPN 
Box Score
 -- 
9
 Sunday, November 5th 
@
Philadelphia LOST(23-51) 
1:00PM ET
 CBS 
Box Score
 -- 
10
 Sunday, November 12th 
vs.
New England LOST(41-16) 
8:30PM ET
 NBC 
Box Score
 -- 
11
 Sunday, November 19th 
vs.
Cincinnati LOST(20-17) 
4:25PM ET
 CBS 
Box Score
 -- 
12
 Sunday, November 26th 
@
Oakland LOST(14-21) 
4:25PM ET
 CBS 
Box Score
 -- 
13
 Sunday, December 3rd 
@
Miami LOST(9-35) 
1:00PM ET
 FOX 
Box Score
 -- 
14
 Sunday, December 10th 
vs.
New York WON(0-23) 
4:05PM ET
 CBS 
Box Score
 -- 
15
 Thursday, December 14th 
@
Indianapolis WON(25-13) 
8:25PM ET
 NFL, NBC 
Box Score
 -- 
16
 Sunday, December 24th 
@
Washington LOST(11-27) 
1:00PM ET
 CBS 
Box Score
 -- 
17
 Sunday, December 31st 
vs.
Kansas City LOST(27-24) 
4:25PM ET
 CBS 
Box Score
 -- 
PRESEASON
WEEK
DATE
OPPONENT
TIME
TV
COVERAGE
1
 Thursday, August 10th 
@
Chicago WON(24-17) 
8:00PM ET
 NFL 
Box Score
 -- 
2
 Saturday, August 19th 
@
San Francisco WON(33-14) 
10:00PM ET
 NFL 
Box Score
 -- 
3
 Saturday, August 26th 
vs.
Green Bay WON(17-20) 
9:00PM ET
 None 
Box Score
 -- 
4
 Thursday, August 31st 
vs.
Arizona WON(2-30) 
9:00PM ET
 None 
Box Score
 -- 
^ Jump to top
