New York Yankees Schedule - MLB Baseball
Sports
NFL 
MLB 
NBA 
NHL 
NCAAF 
Olympics 
NCAAB 
Golf 
NASCAR 
UFC 
Fantasy 
MoreIndycar 
Golfweek 
Boxing 
Tennis 
High School 
Soccer 
MMA 
Motor Sports 
WNBA 
Horse Racing 
Cycling 
College 
NCAAW 
Video 
For The Win 
Golf
Main
Leaderboard
Schedule
Stats
Standings
PGA Tour
LPGA
More
Mlb
Main
Scores
Schedule
Standings
Statistics
Odds
Salaries
Teams
MoreRankings
Injuries
Transactions
Fantasy Baseball
Sagarin Ratings
BaseballHQ.com
TheBigLead.com
Nascar
Main
Results
Schedule
Standings
IndyCar
MoreSagarin Ratings
TheBigLead.com
Nba
Main
Scores
Schedule
Standings
Statistics
Odds
Teams
MoreRankings
Injuries
Transactions
Sagarin Ratings
NBA Packages
HoopsHype
TheBigLead.com
Ncaab
Main
Bracket Challenge
Scores
Schedule
Polls
MoreStandings
Odds
Teams
Injuries
Coaches Salaries
Sagarin Ratings
HoopsHype
TheBigLead.com
Ncaaf
Main
Fan Index
Scores
Polls
MoreOdds
Teams
Schedule
Standings
Statistics
Injuries
Transactions
Coaches Salaries
Sagarin Ratings
TheBigLead.com
Nfl
Main
Scores
Schedule
Standings
Statistics
Odds
Teams
MoreRankings
NFL Arrests
Injuries
Transactions
Fantasy Football
Sagarin Ratings
NFL Packages
TheHuddle.com
TheBigLead.com
Nhl
Main
Scores
Schedule
Standings
Statistics
Odds
Teams
MoreOdds
Rankings
Injuries
Transactions
Salaries
Sagarin Ratings
TheBigLead.com
Soccer
Main
ScoresMLS
ScheduleMLS
StandingsMLS
TeamsMLS
MLS Photo Store
MoreMLS Photo Store
Sagarin MLS Ratings
Wnba
Main
Scores
Schedule
Standings
Statistics
Odds
Teams
MoreOdds
Injuries
Main
Schedule
Statistics
Roster
MoreInjuries
Transactions
Salaries
PRESEASON
DATE
OPPONENT
TIME
TV
COVERAGE
 Friday, February 23rd 
vs.
Detroit
1:05PM ET
 None 
 -- 
 Saturday, February 24th 
@
Pittsburgh
1:05PM ET
 None 
 -- 
 Sunday, February 25th 
@
Philadelphia
1:05PM ET
 None 
 -- 
 Monday, February 26th 
vs.
Philadelphia
6:35PM ET
 None 
 -- 
 Tuesday, February 27th 
@
Toronto
1:07PM ET
 None 
 -- 
 Wednesday, February 28th 
vs.
Detroit
1:05PM ET
 None 
 -- 
 Thursday, March 1st 
@
Philadelphia
1:05PM ET
 None 
 -- 
 Friday, March 2nd 
vs.
Atlanta
1:05PM ET
 None 
 -- 
 Saturday, March 3rd 
@
Boston
1:05PM ET
 None 
 -- 
 Sunday, March 4th 
vs.
Tampa Bay
1:05PM ET
 None 
 -- 
 Tuesday, March 6th 
@
Detroit
1:05PM ET
 None 
 -- 
 Wednesday, March 7th 
@
New York
1:10PM ET
 None 
 -- 
 Thursday, March 8th 
vs.
Philadelphia
1:05PM ET
 None 
 -- 
 Friday, March 9th 
@
Atlanta
6:05PM ET
 None 
 -- 
 Saturday, March 10th 
vs.
New York
1:05PM ET
 None 
 -- 
 Sunday, March 11th 
@
Miami
1:05PM ET
 None 
 -- 
 Monday, March 12th 
vs.
Minnesota
6:35PM ET
 None 
 -- 
 Tuesday, March 13th 
vs.
Detroit
1:05PM ET
 None 
 -- 
 Wednesday, March 14th 
@
Baltimore
1:05PM ET
 None 
 -- 
 Thursday, March 15th 
vs.
Pittsburgh
1:05PM ET
 None 
 -- 
 Friday, March 16th 
vs.
Houston
6:35PM ET
 None 
 -- 
 Saturday, March 17th 
@
Detroit
1:05PM ET
 None 
 -- 
 Sunday, March 18th 
vs.
Miami
1:05PM ET
 None 
 -- 
 Monday, March 19th 
vs.
Tampa Bay
6:35PM ET
 None 
 -- 
 Tuesday, March 20th 
@
Detroit
1:05PM ET
 None 
 -- 
 Wednesday, March 21st 
vs.
Baltimore
6:35PM ET
 None 
 -- 
 Thursday, March 22nd 
@
Minnesota
1:05PM ET
 None 
 -- 
 Friday, March 23rd 
vs.
Boston
1:05PM ET
 None 
 -- 
 Saturday, March 24th 
@
Atlanta
1:05PM ET
 None 
 -- 
 Saturday, March 24th 
vs.
Toronto
1:05PM ET
 None 
 -- 
 Sunday, March 25th 
@
Tampa Bay
1:05PM ET
 None 
 -- 
 Monday, March 26th 
@
Atlanta
7:35PM ET
 None 
 -- 
REGULAR SEASON
DATE
OPPONENT
TIME
TV
COVERAGE
 Thursday, March 29th 
@
Toronto
3:37PM ET
 None 
 -- 
 Friday, March 30th 
@
Toronto
7:07PM ET
 None 
 -- 
 Saturday, March 31st 
@
Toronto
4:07PM ET
 None 
 -- 
 Sunday, April 1st 
@
Toronto
1:07PM ET
 None 
 -- 
 Monday, April 2nd 
vs.
Tampa Bay
1:05PM ET
 None 
 -- 
 Wednesday, April 4th 
vs.
Tampa Bay
1:05PM ET
 None 
 -- 
 Thursday, April 5th 
vs.
Baltimore
6:35PM ET
 None 
 -- 
 Friday, April 6th 
vs.
Baltimore
7:05PM ET
 None 
 -- 
 Saturday, April 7th 
vs.
Baltimore
1:05PM ET
 None 
 -- 
 Sunday, April 8th 
vs.
Baltimore
1:05PM ET
 None 
 -- 
 Tuesday, April 10th 
@
Boston
7:10PM ET
 None 
 -- 
 Wednesday, April 11th 
@
Boston
7:10PM ET
 None 
 -- 
 Thursday, April 12th 
@
Boston
7:10PM ET
 None 
 -- 
 Friday, April 13th 
@
Detroit
7:10PM ET
 None 
 -- 
 Saturday, April 14th 
@
Detroit
1:10PM ET
 None 
 -- 
 Sunday, April 15th 
@
Detroit
1:10PM ET
 None 
 -- 
 Monday, April 16th 
vs.
Miami
6:35PM ET
 None 
 -- 
 Tuesday, April 17th 
vs.
Miami
6:35PM ET
 None 
 -- 
 Thursday, April 19th 
vs.
Toronto
6:35PM ET
 None 
 -- 
 Friday, April 20th 
vs.
Toronto
7:05PM ET
 None 
 -- 
 Saturday, April 21st 
vs.
Toronto
1:05PM ET
 None 
 -- 
 Sunday, April 22nd 
vs.
Toronto
1:05PM ET
 None 
 -- 
 Monday, April 23rd 
vs.
Minnesota
7:05PM ET
 None 
 -- 
 Tuesday, April 24th 
vs.
Minnesota
6:35PM ET
 None 
 -- 
 Wednesday, April 25th 
vs.
Minnesota
6:35PM ET
 None 
 -- 
 Thursday, April 26th 
vs.
Minnesota
1:05PM ET
 None 
 -- 
 Friday, April 27th 
@
Los Angeles
10:07PM ET
 None 
 -- 
 Saturday, April 28th 
@
Los Angeles
9:07PM ET
 None 
 -- 
 Sunday, April 29th 
@
Los Angeles
8:07PM ET
 None 
 -- 
 Monday, April 30th 
@
Houston
8:10PM ET
 None 
 -- 
 Tuesday, May 1st 
@
Houston
8:10PM ET
 None 
 -- 
 Wednesday, May 2nd 
@
Houston
8:10PM ET
 None 
 -- 
 Thursday, May 3rd 
@
Houston
8:10PM ET
 None 
 -- 
 Friday, May 4th 
vs.
Cleveland
7:05PM ET
 None 
 -- 
 Saturday, May 5th 
vs.
Cleveland
1:05PM ET
 None 
 -- 
 Sunday, May 6th 
vs.
Cleveland
1:05PM ET
 None 
 -- 
 Tuesday, May 8th 
vs.
Boston
7:05PM ET
 None 
 -- 
 Wednesday, May 9th 
vs.
Boston
7:05PM ET
 None 
 -- 
 Thursday, May 10th 
vs.
Boston
7:05PM ET
 None 
 -- 
 Friday, May 11th 
vs.
Oakland
7:05PM ET
 None 
 -- 
 Saturday, May 12th 
vs.
Oakland
1:05PM ET
 None 
 -- 
 Sunday, May 13th 
vs.
Oakland
1:05PM ET
 None 
 -- 
 Tuesday, May 15th 
@
Washington
7:05PM ET
 None 
 -- 
 Wednesday, May 16th 
@
Washington
7:05PM ET
 None 
 -- 
 Friday, May 18th 
@
Kansas City
8:15PM ET
 None 
 -- 
 Saturday, May 19th 
@
Kansas City
7:15PM ET
 None 
 -- 
 Sunday, May 20th 
@
Kansas City
2:15PM ET
 None 
 -- 
 Monday, May 21st 
@
Texas
8:05PM ET
 None 
 -- 
 Tuesday, May 22nd 
@
Texas
8:05PM ET
 None 
 -- 
 Wednesday, May 23rd 
@
Texas
7:05PM ET
 None 
 -- 
 Friday, May 25th 
vs.
Los Angeles
7:05PM ET
 None 
 -- 
 Saturday, May 26th 
vs.
Los Angeles
7:15PM ET
 None 
 -- 
 Sunday, May 27th 
vs.
Los Angeles
1:05PM ET
 None 
 -- 
 Monday, May 28th 
vs.
Houston
1:05PM ET
 None 
 -- 
 Tuesday, May 29th 
vs.
Houston
7:05PM ET
 None 
 -- 
 Wednesday, May 30th 
vs.
Houston
6:35PM ET
 None 
 -- 
 Thursday, May 31st 
@
Baltimore
7:05PM ET
 None 
 -- 
 Friday, June 1st 
@
Baltimore
7:05PM ET
 None 
 -- 
 Saturday, June 2nd 
@
Baltimore
4:05PM ET
 None 
 -- 
 Sunday, June 3rd 
@
Baltimore
1:05PM ET
 None 
 -- 
 Tuesday, June 5th 
@
Toronto
7:07PM ET
 None 
 -- 
 Wednesday, June 6th 
@
Toronto
7:07PM ET
 None 
 -- 
 Friday, June 8th 
@
New York
7:10PM ET
 None 
 -- 
 Saturday, June 9th 
@
New York
7:15PM ET
 None 
 -- 
 Sunday, June 10th 
@
New York
8:05PM ET
 None 
 -- 
 Tuesday, June 12th 
vs.
Washington
7:05PM ET
 None 
 -- 
 Wednesday, June 13th 
vs.
Washington
7:05PM ET
 None 
 -- 
 Thursday, June 14th 
vs.
Tampa Bay
7:05PM ET
 None 
 -- 
 Friday, June 15th 
vs.
Tampa Bay
7:05PM ET
 None 
 -- 
 Saturday, June 16th 
vs.
Tampa Bay
1:05PM ET
 None 
 -- 
 Sunday, June 17th 
vs.
Tampa Bay
2:05PM ET
 None 
 -- 
 Tuesday, June 19th 
vs.
Seattle
7:05PM ET
 None 
 -- 
 Wednesday, June 20th 
vs.
Seattle
7:05PM ET
 None 
 -- 
 Thursday, June 21st 
vs.
Seattle
1:05PM ET
 None 
 -- 
 Friday, June 22nd 
@
Tampa Bay
7:10PM ET
 None 
 -- 
 Saturday, June 23rd 
@
Tampa Bay
4:10PM ET
 None 
 -- 
 Sunday, June 24th 
@
Tampa Bay
1:10PM ET
 None 
 -- 
 Monday, June 25th 
@
Philadelphia
7:05PM ET
 None 
 -- 
 Tuesday, June 26th 
@
Philadelphia
7:05PM ET
 None 
 -- 
 Wednesday, June 27th 
@
Philadelphia
7:05PM ET
 None 
 -- 
 Friday, June 29th 
vs.
Boston
7:05PM ET
 None 
 -- 
 Saturday, June 30th 
vs.
Boston
7:15PM ET
 None 
 -- 
 Sunday, July 1st 
vs.
Boston
8:05PM ET
 None 
 -- 
 Monday, July 2nd 
vs.
Atlanta
7:05PM ET
 None 
 -- 
 Tuesday, July 3rd 
vs.
Atlanta
7:05PM ET
 None 
 -- 
 Wednesday, July 4th 
vs.
Atlanta
1:05PM ET
 None 
 -- 
 Friday, July 6th 
@
Toronto
7:07PM ET
 None 
 -- 
 Saturday, July 7th 
@
Toronto
4:07PM ET
 None 
 -- 
 Sunday, July 8th 
@
Toronto
1:07PM ET
 None 
 -- 
 Monday, July 9th 
@
Baltimore
7:05PM ET
 None 
 -- 
 Tuesday, July 10th 
@
Baltimore
7:05PM ET
 None 
 -- 
 Wednesday, July 11th 
@
Baltimore
7:05PM ET
 None 
 -- 
 Thursday, July 12th 
@
Cleveland
7:10PM ET
 None 
 -- 
 Friday, July 13th 
@
Cleveland
7:10PM ET
 None 
 -- 
 Saturday, July 14th 
@
Cleveland
7:15PM ET
 None 
 -- 
 Sunday, July 15th 
@
Cleveland
1:10PM ET
 None 
 -- 
 Friday, July 20th 
vs.
New York
7:05PM ET
 None 
 -- 
 Saturday, July 21st 
vs.
New York
1:05PM ET
 None 
 -- 
 Sunday, July 22nd 
vs.
New York
8:05PM ET
 None 
 -- 
 Monday, July 23rd 
@
Tampa Bay
7:10PM ET
 None 
 -- 
 Tuesday, July 24th 
@
Tampa Bay
7:10PM ET
 None 
 -- 
 Wednesday, July 25th 
@
Tampa Bay
12:10PM ET
 None 
 -- 
 Thursday, July 26th 
vs.
Kansas City
7:05PM ET
 None 
 -- 
 Friday, July 27th 
vs.
Kansas City
7:05PM ET
 None 
 -- 
 Saturday, July 28th 
vs.
Kansas City
1:05PM ET
 None 
 -- 
 Sunday, July 29th 
vs.
Kansas City
1:05PM ET
 None 
 -- 
 Tuesday, July 31st 
vs.
Baltimore
7:05PM ET
 None 
 -- 
 Wednesday, August 1st 
vs.
Baltimore
1:05PM ET
 None 
 -- 
 Thursday, August 2nd 
@
Boston
7:10PM ET
 None 
 -- 
 Friday, August 3rd 
@
Boston
7:10PM ET
 None 
 -- 
 Saturday, August 4th 
@
Boston
4:05PM ET
 None 
 -- 
 Sunday, August 5th 
@
Boston
TBA
 None 
 -- 
 Monday, August 6th 
@
Chicago
8:10PM ET
 None 
 -- 
 Tuesday, August 7th 
@
Chicago
8:10PM ET
 None 
 -- 
 Wednesday, August 8th 
@
Chicago
8:10PM ET
 None 
 -- 
 Thursday, August 9th 
vs.
Texas
7:05PM ET
 None 
 -- 
 Friday, August 10th 
vs.
Texas
7:05PM ET
 None 
 -- 
 Saturday, August 11th 
vs.
Texas
1:05PM ET
 None 
 -- 
 Sunday, August 12th 
vs.
Texas
1:05PM ET
 None 
 -- 
 Tuesday, August 14th 
vs.
Tampa Bay
7:05PM ET
 None 
 -- 
 Wednesday, August 15th 
vs.
Tampa Bay
7:05PM ET
 None 
 -- 
 Thursday, August 16th 
vs.
Tampa Bay
1:05PM ET
 None 
 -- 
 Friday, August 17th 
vs.
Toronto
7:05PM ET
 None 
 -- 
 Saturday, August 18th 
vs.
Toronto
1:05PM ET
 None 
 -- 
 Sunday, August 19th 
vs.
Toronto
1:05PM ET
 None 
 -- 
 Tuesday, August 21st 
@
Miami
7:10PM ET
 None 
 -- 
 Wednesday, August 22nd 
@
Miami
7:10PM ET
 None 
 -- 
 Friday, August 24th 
@
Baltimore
7:05PM ET
 None 
 -- 
 Saturday, August 25th 
@
Baltimore
7:05PM ET
 None 
 -- 
 Sunday, August 26th 
@
Baltimore
1:05PM ET
 None 
 -- 
 Monday, August 27th 
vs.
Chicago
7:05PM ET
 None 
 -- 
 Tuesday, August 28th 
vs.
Chicago
7:05PM ET
 None 
 -- 
 Wednesday, August 29th 
vs.
Chicago
7:05PM ET
 None 
 -- 
 Thursday, August 30th 
vs.
Detroit
7:05PM ET
 None 
 -- 
 Friday, August 31st 
vs.
Detroit
7:05PM ET
 None 
 -- 
 Saturday, September 1st 
vs.
Detroit
4:05PM ET
 None 
 -- 
 Sunday, September 2nd 
vs.
Detroit
1:05PM ET
 None 
 -- 
 Monday, September 3rd 
@
Oakland
4:05PM ET
 None 
 -- 
 Tuesday, September 4th 
@
Oakland
10:05PM ET
 None 
 -- 
 Wednesday, September 5th 
@
Oakland
10:05PM ET
 None 
 -- 
 Friday, September 7th 
@
Seattle
10:10PM ET
 None 
 -- 
 Saturday, September 8th 
@
Seattle
9:10PM ET
 None 
 -- 
 Sunday, September 9th 
@
Seattle
4:10PM ET
 None 
 -- 
 Monday, September 10th 
@
Minnesota
8:10PM ET
 None 
 -- 
 Tuesday, September 11th 
@
Minnesota
8:10PM ET
 None 
 -- 
 Wednesday, September 12th 
@
Minnesota
8:10PM ET
 None 
 -- 
 Friday, September 14th 
vs.
Toronto
7:05PM ET
 None 
 -- 
 Saturday, September 15th 
vs.
Toronto
4:05PM ET
 None 
 -- 
 Sunday, September 16th 
vs.
Toronto
1:05PM ET
 None 
 -- 
 Tuesday, September 18th 
vs.
Boston
1:05PM ET
 None 
 -- 
 Wednesday, September 19th 
vs.
Boston
7:05PM ET
 None 
 -- 
 Thursday, September 20th 
vs.
Boston
7:05PM ET
 None 
 -- 
 Friday, September 21st 
vs.
Baltimore
7:05PM ET
 None 
 -- 
 Saturday, September 22nd 
vs.
Baltimore
4:05PM ET
 None 
 -- 
 Sunday, September 23rd 
vs.
Baltimore
1:05PM ET
 None 
 -- 
 Monday, September 24th 
@
Tampa Bay
7:10PM ET
 None 
 -- 
 Tuesday, September 25th 
@
Tampa Bay
7:10PM ET
 None 
 -- 
 Wednesday, September 26th 
@
Tampa Bay
7:10PM ET
 None 
 -- 
 Thursday, September 27th 
@
Tampa Bay
1:10PM ET
 None 
 -- 
 Friday, September 28th 
@
Boston
7:10PM ET
 None 
 -- 
 Saturday, September 29th 
@
Boston
TBA
 None 
 -- 
 Sunday, September 30th 
@
Boston
3:05PM ET
 None 
 -- 
^ Jump to top
