Philadelphia Phillies Schedule - MLB Baseball
Sports
NFL 
MLB 
NBA 
NHL 
NCAAF 
Olympics 
NCAAB 
Golf 
NASCAR 
UFC 
Fantasy 
MoreIndycar 
Golfweek 
Boxing 
Tennis 
High School 
Soccer 
MMA 
Motor Sports 
WNBA 
Horse Racing 
Cycling 
College 
NCAAW 
Video 
For The Win 
Golf
Main
Leaderboard
Schedule
Stats
Standings
PGA Tour
LPGA
More
Mlb
Main
Scores
Schedule
Standings
Statistics
Odds
Salaries
Teams
MoreRankings
Injuries
Transactions
Fantasy Baseball
Sagarin Ratings
BaseballHQ.com
TheBigLead.com
Nascar
Main
Results
Schedule
Standings
IndyCar
MoreSagarin Ratings
TheBigLead.com
Nba
Main
Scores
Schedule
Standings
Statistics
Odds
Teams
MoreRankings
Injuries
Transactions
Sagarin Ratings
NBA Packages
HoopsHype
TheBigLead.com
Ncaab
Main
Bracket Challenge
Scores
Schedule
Polls
MoreStandings
Odds
Teams
Injuries
Coaches Salaries
Sagarin Ratings
HoopsHype
TheBigLead.com
Ncaaf
Main
Fan Index
Scores
Polls
MoreOdds
Teams
Schedule
Standings
Statistics
Injuries
Transactions
Coaches Salaries
Sagarin Ratings
TheBigLead.com
Nfl
Main
Scores
Schedule
Standings
Statistics
Odds
Teams
MoreRankings
NFL Arrests
Injuries
Transactions
Fantasy Football
Sagarin Ratings
NFL Packages
TheHuddle.com
TheBigLead.com
Nhl
Main
Scores
Schedule
Standings
Statistics
Odds
Teams
MoreOdds
Rankings
Injuries
Transactions
Salaries
Sagarin Ratings
TheBigLead.com
Soccer
Main
ScoresMLS
ScheduleMLS
StandingsMLS
TeamsMLS
MLS Photo Store
MoreMLS Photo Store
Sagarin MLS Ratings
Wnba
Main
Scores
Schedule
Standings
Statistics
Odds
Teams
MoreOdds
Injuries
Main
Schedule
Statistics
Roster
MoreInjuries
Transactions
Salaries
PRESEASON
DATE
OPPONENT
TIME
TV
COVERAGE
 Friday, February 23rd 
@
Toronto
1:07PM ET
 None 
 -- 
 Saturday, February 24th 
vs.
Baltimore
1:05PM ET
 None 
 -- 
 Sunday, February 25th 
vs.
New York
1:05PM ET
 None 
 -- 
 Monday, February 26th 
@
New York
6:35PM ET
 None 
 -- 
 Tuesday, February 27th 
vs.
Detroit
1:05PM ET
 None 
 -- 
 Wednesday, February 28th 
@
Toronto
1:07PM ET
 None 
 -- 
 Thursday, March 1st 
vs.
New York
1:05PM ET
 None 
 -- 
 Friday, March 2nd 
@
Tampa Bay
1:05PM ET
 None 
 -- 
 Saturday, March 3rd 
vs.
Baltimore
1:05PM ET
 None 
 -- 
 Saturday, March 3rd 
@
Pittsburgh
1:05PM ET
 None 
 -- 
 Sunday, March 4th 
vs.
Toronto
1:05PM ET
 None 
 -- 
 Monday, March 5th 
vs.
Minnesota
1:05PM ET
 None 
 -- 
 Wednesday, March 7th 
vs.
Boston
1:05PM ET
 None 
 -- 
 Thursday, March 8th 
@
New York
1:05PM ET
 None 
 -- 
 Friday, March 9th 
vs.
Pittsburgh
1:05PM ET
 None 
 -- 
 Saturday, March 10th 
vs.
Tampa Bay
1:05PM ET
 None 
 -- 
 Sunday, March 11th 
@
Baltimore
6:05PM ET
 None 
 -- 
 Monday, March 12th 
@
Atlanta
6:05PM ET
 None 
 -- 
 Tuesday, March 13th 
vs.
Tampa Bay
1:05PM ET
 None 
 -- 
 Wednesday, March 14th 
@
Atlanta
1:05PM ET
 None 
 -- 
 Friday, March 16th 
@
Detroit
1:05PM ET
 None 
 -- 
 Friday, March 16th 
vs.
Toronto
1:05PM ET
 None 
 -- 
 Saturday, March 17th 
vs.
Atlanta
1:05PM ET
 None 
 -- 
 Sunday, March 18th 
@
Minnesota
1:05PM ET
 None 
 -- 
 Monday, March 19th 
@
Boston
1:05PM ET
 None 
 -- 
 Tuesday, March 20th 
vs.
Toronto
1:05PM ET
 None 
 -- 
 Wednesday, March 21st 
@
Toronto
1:07PM ET
 None 
 -- 
 Thursday, March 22nd 
vs.
Detroit
1:05PM ET
 None 
 -- 
 Friday, March 23rd 
@
Pittsburgh
1:05PM ET
 None 
 -- 
 Saturday, March 24th 
@
Detroit
1:05PM ET
 None 
 -- 
 Sunday, March 25th 
vs.
Baltimore
1:05PM ET
 None 
 -- 
 Monday, March 26th 
@
Pittsburgh
1:05PM ET
 None 
 -- 
 Tuesday, March 27th 
vs.
Pittsburgh
1:05PM ET
 None 
 -- 
REGULAR SEASON
DATE
OPPONENT
TIME
TV
COVERAGE
 Thursday, March 29th 
@
Atlanta
4:10PM ET
 None 
 -- 
 Friday, March 30th 
@
Atlanta
7:35PM ET
 None 
 -- 
 Saturday, March 31st 
@
Atlanta
7:10PM ET
 None 
 -- 
 Monday, April 2nd 
@
New York
7:10PM ET
 None 
 -- 
 Tuesday, April 3rd 
@
New York
7:10PM ET
 None 
 -- 
 Wednesday, April 4th 
@
New York
1:10PM ET
 None 
 -- 
 Thursday, April 5th 
vs.
Miami
3:05PM ET
 None 
 -- 
 Saturday, April 7th 
vs.
Miami
6:05PM ET
 None 
 -- 
 Sunday, April 8th 
vs.
Miami
1:35PM ET
 None 
 -- 
 Monday, April 9th 
vs.
Cincinnati
7:05PM ET
 None 
 -- 
 Tuesday, April 10th 
vs.
Cincinnati
7:05PM ET
 None 
 -- 
 Wednesday, April 11th 
vs.
Cincinnati
7:05PM ET
 None 
 -- 
 Friday, April 13th 
@
Tampa Bay
7:10PM ET
 None 
 -- 
 Saturday, April 14th 
@
Tampa Bay
6:10PM ET
 None 
 -- 
 Sunday, April 15th 
@
Tampa Bay
1:10PM ET
 None 
 -- 
 Monday, April 16th 
@
Atlanta
7:35PM ET
 None 
 -- 
 Tuesday, April 17th 
@
Atlanta
7:35PM ET
 None 
 -- 
 Wednesday, April 18th 
@
Atlanta
7:35PM ET
 None 
 -- 
 Thursday, April 19th 
vs.
Pittsburgh
7:05PM ET
 None 
 -- 
 Friday, April 20th 
vs.
Pittsburgh
7:05PM ET
 None 
 -- 
 Saturday, April 21st 
vs.
Pittsburgh
4:05PM ET
 None 
 -- 
 Sunday, April 22nd 
vs.
Pittsburgh
1:35PM ET
 None 
 -- 
 Tuesday, April 24th 
vs.
Arizona
7:05PM ET
 None 
 -- 
 Wednesday, April 25th 
vs.
Arizona
7:05PM ET
 None 
 -- 
 Thursday, April 26th 
vs.
Arizona
1:05PM ET
 None 
 -- 
 Friday, April 27th 
vs.
Atlanta
7:05PM ET
 None 
 -- 
 Saturday, April 28th 
vs.
Atlanta
6:05PM ET
 None 
 -- 
 Sunday, April 29th 
vs.
Atlanta
1:35PM ET
 None 
 -- 
 Monday, April 30th 
@
Miami
7:10PM ET
 None 
 -- 
 Tuesday, May 1st 
@
Miami
7:10PM ET
 None 
 -- 
 Wednesday, May 2nd 
@
Miami
7:10PM ET
 None 
 -- 
 Friday, May 4th 
@
Washington
7:05PM ET
 None 
 -- 
 Saturday, May 5th 
@
Washington
4:05PM ET
 None 
 -- 
 Sunday, May 6th 
@
Washington
1:35PM ET
 None 
 -- 
 Monday, May 7th 
vs.
San Francisco
7:05PM ET
 None 
 -- 
 Tuesday, May 8th 
vs.
San Francisco
7:05PM ET
 None 
 -- 
 Wednesday, May 9th 
vs.
San Francisco
7:05PM ET
 None 
 -- 
 Thursday, May 10th 
vs.
San Francisco
1:05PM ET
 None 
 -- 
 Friday, May 11th 
vs.
New York
7:05PM ET
 None 
 -- 
 Saturday, May 12th 
vs.
New York
7:05PM ET
 None 
 -- 
 Sunday, May 13th 
vs.
New York
1:35PM ET
 None 
 -- 
 Tuesday, May 15th 
@
Baltimore
7:05PM ET
 None 
 -- 
 Wednesday, May 16th 
@
Baltimore
12:35PM ET
 None 
 -- 
 Thursday, May 17th 
@
St. Louis
7:15PM ET
 None 
 -- 
 Friday, May 18th 
@
St. Louis
8:15PM ET
 None 
 -- 
 Saturday, May 19th 
@
St. Louis
2:15PM ET
 None 
 -- 
 Sunday, May 20th 
@
St. Louis
2:15PM ET
 None 
 -- 
 Monday, May 21st 
vs.
Atlanta
7:05PM ET
 None 
 -- 
 Tuesday, May 22nd 
vs.
Atlanta
7:05PM ET
 None 
 -- 
 Wednesday, May 23rd 
vs.
Atlanta
7:05PM ET
 None 
 -- 
 Friday, May 25th 
vs.
Toronto
7:05PM ET
 None 
 -- 
 Saturday, May 26th 
vs.
Toronto
4:05PM ET
 None 
 -- 
 Sunday, May 27th 
vs.
Toronto
1:35PM ET
 None 
 -- 
 Monday, May 28th 
@
Los Angeles
8:10PM ET
 None 
 -- 
 Tuesday, May 29th 
@
Los Angeles
10:10PM ET
 None 
 -- 
 Wednesday, May 30th 
@
Los Angeles
10:10PM ET
 None 
 -- 
 Thursday, May 31st 
@
Los Angeles
7:35PM ET
 None 
 -- 
 Friday, June 1st 
@
San Francisco
10:15PM ET
 None 
 -- 
 Saturday, June 2nd 
@
San Francisco
10:05PM ET
 None 
 -- 
 Sunday, June 3rd 
@
San Francisco
4:05PM ET
 None 
 -- 
 Tuesday, June 5th 
@
Chicago
8:05PM ET
 None 
 -- 
 Wednesday, June 6th 
@
Chicago
8:05PM ET
 None 
 -- 
 Thursday, June 7th 
@
Chicago
2:20PM ET
 None 
 -- 
 Friday, June 8th 
vs.
Milwaukee
7:05PM ET
 None 
 -- 
 Saturday, June 9th 
vs.
Milwaukee
1:05PM ET
 None 
 -- 
 Sunday, June 10th 
vs.
Milwaukee
1:35PM ET
 None 
 -- 
 Tuesday, June 12th 
vs.
Colorado
7:05PM ET
 None 
 -- 
 Wednesday, June 13th 
vs.
Colorado
7:05PM ET
 None 
 -- 
 Thursday, June 14th 
vs.
Colorado
1:05PM ET
 None 
 -- 
 Friday, June 15th 
@
Milwaukee
8:10PM ET
 None 
 -- 
 Saturday, June 16th 
@
Milwaukee
4:10PM ET
 None 
 -- 
 Sunday, June 17th 
@
Milwaukee
2:10PM ET
 None 
 -- 
 Monday, June 18th 
vs.
St. Louis
7:05PM ET
 None 
 -- 
 Tuesday, June 19th 
vs.
St. Louis
7:05PM ET
 None 
 -- 
 Wednesday, June 20th 
vs.
St. Louis
1:05PM ET
 None 
 -- 
 Friday, June 22nd 
@
Washington
7:05PM ET
 None 
 -- 
 Saturday, June 23rd 
@
Washington
TBA
 None 
 -- 
 Sunday, June 24th 
@
Washington
1:35PM ET
 None 
 -- 
 Monday, June 25th 
vs.
New York
7:05PM ET
 None 
 -- 
 Tuesday, June 26th 
vs.
New York
7:05PM ET
 None 
 -- 
 Wednesday, June 27th 
vs.
New York
7:05PM ET
 None 
 -- 
 Thursday, June 28th 
vs.
Washington
7:05PM ET
 None 
 -- 
 Friday, June 29th 
vs.
Washington
7:05PM ET
 None 
 -- 
 Saturday, June 30th 
vs.
Washington
6:05PM ET
 None 
 -- 
 Sunday, July 1st 
vs.
Washington
1:35PM ET
 None 
 -- 
 Tuesday, July 3rd 
vs.
Baltimore
7:05PM ET
 None 
 -- 
 Wednesday, July 4th 
vs.
Baltimore
4:05PM ET
 None 
 -- 
 Friday, July 6th 
@
Pittsburgh
7:05PM ET
 None 
 -- 
 Saturday, July 7th 
@
Pittsburgh
4:05PM ET
 None 
 -- 
 Sunday, July 8th 
@
Pittsburgh
1:35PM ET
 None 
 -- 
 Monday, July 9th 
@
New York
7:10PM ET
 None 
 -- 
 Tuesday, July 10th 
@
New York
7:10PM ET
 None 
 -- 
 Wednesday, July 11th 
@
New York
7:10PM ET
 None 
 -- 
 Friday, July 13th 
@
Miami
7:10PM ET
 None 
 -- 
 Saturday, July 14th 
@
Miami
4:10PM ET
 None 
 -- 
 Sunday, July 15th 
@
Miami
1:10PM ET
 None 
 -- 
 Friday, July 20th 
vs.
San Diego
7:05PM ET
 None 
 -- 
 Saturday, July 21st 
vs.
San Diego
7:05PM ET
 None 
 -- 
 Sunday, July 22nd 
vs.
San Diego
1:35PM ET
 None 
 -- 
 Monday, July 23rd 
vs.
Los Angeles
7:05PM ET
 None 
 -- 
 Tuesday, July 24th 
vs.
Los Angeles
7:05PM ET
 None 
 -- 
 Wednesday, July 25th 
vs.
Los Angeles
12:35PM ET
 None 
 -- 
 Thursday, July 26th 
@
Cincinnati
7:10PM ET
 None 
 -- 
 Friday, July 27th 
@
Cincinnati
7:10PM ET
 None 
 -- 
 Saturday, July 28th 
@
Cincinnati
7:10PM ET
 None 
 -- 
 Sunday, July 29th 
@
Cincinnati
1:10PM ET
 None 
 -- 
 Monday, July 30th 
@
Boston
7:10PM ET
 None 
 -- 
 Tuesday, July 31st 
@
Boston
7:10PM ET
 None 
 -- 
 Thursday, August 2nd 
vs.
Miami
7:05PM ET
 None 
 -- 
 Friday, August 3rd 
vs.
Miami
7:05PM ET
 None 
 -- 
 Saturday, August 4th 
vs.
Miami
7:05PM ET
 None 
 -- 
 Sunday, August 5th 
vs.
Miami
1:35PM ET
 None 
 -- 
 Monday, August 6th 
@
Arizona
9:40PM ET
 None 
 -- 
 Tuesday, August 7th 
@
Arizona
9:40PM ET
 None 
 -- 
 Wednesday, August 8th 
@
Arizona
9:40PM ET
 None 
 -- 
 Friday, August 10th 
@
San Diego
10:10PM ET
 None 
 -- 
 Saturday, August 11th 
@
San Diego
8:40PM ET
 None 
 -- 
 Sunday, August 12th 
@
San Diego
3:40PM ET
 None 
 -- 
 Tuesday, August 14th 
vs.
Boston
7:05PM ET
 None 
 -- 
 Wednesday, August 15th 
vs.
Boston
7:05PM ET
 None 
 -- 
 Thursday, August 16th 
vs.
New York
7:05PM ET
 None 
 -- 
 Friday, August 17th 
vs.
New York
6:05PM ET
 None 
 -- 
 Saturday, August 18th 
vs.
New York
4:05PM ET
 None 
 -- 
 Sunday, August 19th 
vs.
New York
8:08PM ET
 None 
 -- 
 Tuesday, August 21st 
@
Washington
7:05PM ET
 None 
 -- 
 Wednesday, August 22nd 
@
Washington
7:05PM ET
 None 
 -- 
 Thursday, August 23rd 
@
Washington
1:05PM ET
 None 
 -- 
 Friday, August 24th 
@
Toronto
7:07PM ET
 None 
 -- 
 Saturday, August 25th 
@
Toronto
4:07PM ET
 None 
 -- 
 Sunday, August 26th 
@
Toronto
1:07PM ET
 None 
 -- 
 Monday, August 27th 
vs.
Washington
7:05PM ET
 None 
 -- 
 Tuesday, August 28th 
vs.
Washington
7:05PM ET
 None 
 -- 
 Wednesday, August 29th 
vs.
Washington
7:05PM ET
 None 
 -- 
 Friday, August 31st 
vs.
Chicago
7:05PM ET
 None 
 -- 
 Saturday, September 1st 
vs.
Chicago
7:05PM ET
 None 
 -- 
 Sunday, September 2nd 
vs.
Chicago
1:35PM ET
 None 
 -- 
 Monday, September 3rd 
@
Miami
1:10PM ET
 None 
 -- 
 Tuesday, September 4th 
@
Miami
7:10PM ET
 None 
 -- 
 Wednesday, September 5th 
@
Miami
7:10PM ET
 None 
 -- 
 Friday, September 7th 
@
New York
7:10PM ET
 None 
 -- 
 Saturday, September 8th 
@
New York
7:10PM ET
 None 
 -- 
 Sunday, September 9th 
@
New York
1:10PM ET
 None 
 -- 
 Monday, September 10th 
vs.
Washington
7:05PM ET
 None 
 -- 
 Tuesday, September 11th 
vs.
Washington
7:05PM ET
 None 
 -- 
 Wednesday, September 12th 
vs.
Washington
7:05PM ET
 None 
 -- 
 Friday, September 14th 
vs.
Miami
7:05PM ET
 None 
 -- 
 Saturday, September 15th 
vs.
Miami
7:05PM ET
 None 
 -- 
 Sunday, September 16th 
vs.
Miami
1:35PM ET
 None 
 -- 
 Monday, September 17th 
vs.
New York
7:05PM ET
 None 
 -- 
 Tuesday, September 18th 
vs.
New York
7:05PM ET
 None 
 -- 
 Wednesday, September 19th 
vs.
New York
6:05PM ET
 None 
 -- 
 Thursday, September 20th 
@
Atlanta
7:35PM ET
 None 
 -- 
 Friday, September 21st 
@
Atlanta
7:35PM ET
 None 
 -- 
 Saturday, September 22nd 
@
Atlanta
7:10PM ET
 None 
 -- 
 Sunday, September 23rd 
@
Atlanta
1:35PM ET
 None 
 -- 
 Monday, September 24th 
@
Colorado
8:40PM ET
 None 
 -- 
 Tuesday, September 25th 
@
Colorado
8:40PM ET
 None 
 -- 
 Wednesday, September 26th 
@
Colorado
8:40PM ET
 None 
 -- 
 Thursday, September 27th 
@
Colorado
3:10PM ET
 None 
 -- 
 Friday, September 28th 
vs.
Atlanta
7:05PM ET
 None 
 -- 
 Saturday, September 29th 
vs.
Atlanta
7:05PM ET
 None 
 -- 
 Sunday, September 30th 
vs.
Atlanta
3:05PM ET
 None 
 -- 
^ Jump to top
