Arizona Cardinals Schedule - NFL Football
Sports
NFL 
MLB 
NBA 
NHL 
NCAAF 
Olympics 
NCAAB 
Golf 
NASCAR 
UFC 
Fantasy 
MoreIndycar 
Golfweek 
Boxing 
Tennis 
High School 
Soccer 
MMA 
Motor Sports 
WNBA 
Horse Racing 
Cycling 
College 
NCAAW 
Video 
For The Win 
Golf
Main
Leaderboard
Schedule
Stats
Standings
PGA Tour
LPGA
More
Mlb
Main
Scores
Schedule
Standings
Statistics
Odds
Salaries
Teams
MoreRankings
Injuries
Transactions
Fantasy Baseball
Sagarin Ratings
BaseballHQ.com
TheBigLead.com
Nascar
Main
Results
Schedule
Standings
IndyCar
MoreSagarin Ratings
TheBigLead.com
Nba
Main
Scores
Schedule
Standings
Statistics
Odds
Teams
MoreRankings
Injuries
Transactions
Sagarin Ratings
NBA Packages
HoopsHype
TheBigLead.com
Ncaab
Main
Bracket Challenge
Scores
Schedule
Polls
MoreStandings
Odds
Teams
Injuries
Coaches Salaries
Sagarin Ratings
HoopsHype
TheBigLead.com
Ncaaf
Main
Fan Index
Scores
Polls
MoreOdds
Teams
Schedule
Standings
Statistics
Injuries
Transactions
Coaches Salaries
Sagarin Ratings
TheBigLead.com
Nfl
Main
Scores
Schedule
Standings
Statistics
Odds
Teams
MoreRankings
NFL Arrests
Injuries
Transactions
Fantasy Football
Sagarin Ratings
NFL Packages
TheHuddle.com
TheBigLead.com
Nhl
Main
Scores
Schedule
Standings
Statistics
Odds
Teams
MoreOdds
Rankings
Injuries
Transactions
Salaries
Sagarin Ratings
TheBigLead.com
Soccer
Main
ScoresMLS
ScheduleMLS
StandingsMLS
TeamsMLS
MLS Photo Store
MoreMLS Photo Store
Sagarin MLS Ratings
Wnba
Main
Scores
Schedule
Standings
Statistics
Odds
Teams
MoreOdds
Injuries
Main
Schedule
Statistics
Roster
MoreInjuries
Transactions
REGULAR SEASON
WEEK
DATE
OPPONENT
TIME
TV
COVERAGE
1
 Sunday, September 10th 
@
Detroit LOST(23-35) 
1:00PM ET
 FOX 
Box Score
 -- 
2
 Sunday, September 17th 
@
Indianapolis WON(16-13) 
1:00PM ET
 FOX 
Box Score
 -- 
3
 Monday, September 25th 
vs.
Dallas LOST(28-17) 
8:30PM ET
 ESPN 
Box Score
 -- 
4
 Sunday, October 1st 
vs.
San Francisco WON(15-18) 
4:05PM ET
 FOX 
Box Score
 -- 
5
 Sunday, October 8th 
@
Philadelphia LOST(7-34) 
1:00PM ET
 FOX 
Box Score
 -- 
6
 Sunday, October 15th 
vs.
Tampa Bay WON(33-38) 
4:05PM ET
 FOX 
Box Score
 -- 
7
 Sunday, October 22nd 
@
Los Angeles LOST(0-33) 
1:00PM ET
 FOX 
Box Score
 -- 
8
BYE
9
 Sunday, November 5th 
@
San Francisco WON(20-10) 
4:05PM ET
 FOX 
Box Score
 -- 
10
 Thursday, November 9th 
vs.
Seattle LOST(22-16) 
8:25PM ET
 NFL, NBC 
Box Score
 -- 
11
 Sunday, November 19th 
@
Houston LOST(21-31) 
1:00PM ET
 FOX 
Box Score
 -- 
12
 Sunday, November 26th 
vs.
Jacksonville WON(24-27) 
4:25PM ET
 CBS 
Box Score
 -- 
13
 Sunday, December 3rd 
vs.
Los Angeles LOST(32-16) 
4:25PM ET
 FOX 
Box Score
 -- 
14
 Sunday, December 10th 
vs.
Tennessee WON(7-12) 
4:05PM ET
 CBS 
Box Score
 -- 
15
 Sunday, December 17th 
@
Washington LOST(15-20) 
1:00PM ET
 FOX 
Box Score
 -- 
16
 Sunday, December 24th 
vs.
New York WON(0-23) 
4:25PM ET
 FOX 
Box Score
 -- 
17
 Sunday, December 31st 
@
Seattle WON(26-24) 
4:25PM ET
 FOX 
Box Score
 -- 
PRESEASON
WEEK
DATE
OPPONENT
TIME
TV
COVERAGE
Hall of Fame
 Thursday, August 3rd 
vs.
Dallas LOST(20-18) 
8:00PM ET
 NBC 
Box Score
 -- 
1
 Saturday, August 12th 
vs.
Oakland WON(10-20) 
10:00PM ET
 None 
Box Score
 -- 
2
 Saturday, August 19th 
vs.
Chicago LOST(24-23) 
10:00PM ET
 None 
Box Score
 -- 
3
 Saturday, August 26th 
@
Atlanta WON(24-14) 
7:00PM ET
 None 
Box Score
 -- 
4
 Thursday, August 31st 
@
Denver LOST(2-30) 
9:00PM ET
 None 
Box Score
 -- 
^ Jump to top
