Pittsburgh Steelers Schedule - NFL Football
Sports
NFL 
MLB 
NBA 
NHL 
NCAAF 
Olympics 
NCAAB 
Golf 
NASCAR 
UFC 
Fantasy 
MoreIndycar 
Golfweek 
Boxing 
Tennis 
High School 
Soccer 
MMA 
Motor Sports 
WNBA 
Horse Racing 
Cycling 
College 
NCAAW 
Video 
For The Win 
Golf
Main
Leaderboard
Schedule
Stats
Standings
PGA Tour
LPGA
More
Mlb
Main
Scores
Schedule
Standings
Statistics
Odds
Salaries
Teams
MoreRankings
Injuries
Transactions
Fantasy Baseball
Sagarin Ratings
BaseballHQ.com
TheBigLead.com
Nascar
Main
Results
Schedule
Standings
IndyCar
MoreSagarin Ratings
TheBigLead.com
Nba
Main
Scores
Schedule
Standings
Statistics
Odds
Teams
MoreRankings
Injuries
Transactions
Sagarin Ratings
NBA Packages
HoopsHype
TheBigLead.com
Ncaab
Main
Bracket Challenge
Scores
Schedule
Polls
MoreStandings
Odds
Teams
Injuries
Coaches Salaries
Sagarin Ratings
HoopsHype
TheBigLead.com
Ncaaf
Main
Fan Index
Scores
Polls
MoreOdds
Teams
Schedule
Standings
Statistics
Injuries
Transactions
Coaches Salaries
Sagarin Ratings
TheBigLead.com
Nfl
Main
Scores
Schedule
Standings
Statistics
Odds
Teams
MoreRankings
NFL Arrests
Injuries
Transactions
Fantasy Football
Sagarin Ratings
NFL Packages
TheHuddle.com
TheBigLead.com
Nhl
Main
Scores
Schedule
Standings
Statistics
Odds
Teams
MoreOdds
Rankings
Injuries
Transactions
Salaries
Sagarin Ratings
TheBigLead.com
Soccer
Main
ScoresMLS
ScheduleMLS
StandingsMLS
TeamsMLS
MLS Photo Store
MoreMLS Photo Store
Sagarin MLS Ratings
Wnba
Main
Scores
Schedule
Standings
Statistics
Odds
Teams
MoreOdds
Injuries
Main
Schedule
Statistics
Roster
MoreInjuries
Transactions
POSTSEASON
ROUND
DATE
OPPONENT
TIME
TV
COVERAGE
NFL Playoffs: Divisional Playoffs
 Sunday, January 14th 
vs.
Jacksonville LOST(45-42) 
1:05PM ET
 CBS 
Box Score
 -- 
REGULAR SEASON
WEEK
DATE
OPPONENT
TIME
TV
COVERAGE
1
 Sunday, September 10th 
@
Cleveland WON(21-18) 
1:00PM ET
 CBS 
Box Score
 -- 
2
 Sunday, September 17th 
vs.
Minnesota WON(9-26) 
1:00PM ET
 FOX 
Box Score
 -- 
3
 Sunday, September 24th 
@
Chicago LOST(17-23) 
1:00PM ET
 CBS 
Box Score
 -- 
4
 Sunday, October 1st 
@
Baltimore WON(26-9) 
1:00PM ET
 CBS 
Box Score
 -- 
5
 Sunday, October 8th 
vs.
Jacksonville LOST(30-9) 
1:00PM ET
 CBS 
Box Score
 -- 
6
 Sunday, October 15th 
@
Kansas City WON(19-13) 
4:25PM ET
 CBS 
Box Score
 -- 
7
 Sunday, October 22nd 
vs.
Cincinnati WON(14-29) 
4:25PM ET
 CBS 
Box Score
 -- 
8
 Sunday, October 29th 
@
Detroit WON(20-15) 
8:30PM ET
 NBC 
Box Score
 -- 
9
BYE
10
 Sunday, November 12th 
@
Indianapolis WON(20-17) 
1:00PM ET
 CBS 
Box Score
 -- 
11
 Thursday, November 16th 
vs.
Tennessee WON(17-40) 
8:25PM ET
 NFL, NBC 
Box Score
 -- 
12
 Sunday, November 26th 
vs.
Green Bay WON(28-31) 
8:30PM ET
 NBC 
Box Score
 -- 
13
 Monday, December 4th 
@
Cincinnati WON(23-20) 
8:30PM ET
 ESPN 
Box Score
 -- 
14
 Sunday, December 10th 
vs.
Baltimore WON(38-39) 
8:30PM ET
 NBC 
Box Score
 -- 
15
 Sunday, December 17th 
vs.
New England LOST(27-24) 
4:25PM ET
 CBS 
Box Score
 -- 
16
 Monday, December 25th 
@
Houston WON(34-6) 
4:30PM ET
 NFL, NBC 
Box Score
 -- 
17
 Sunday, December 31st 
vs.
Cleveland WON(24-28) 
1:00PM ET
 CBS 
Box Score
 -- 
PRESEASON
WEEK
DATE
OPPONENT
TIME
TV
COVERAGE
1
 Friday, August 11th 
@
New York WON(20-12) 
7:00PM ET
 NFL 
Box Score
 -- 
2
 Sunday, August 20th 
vs.
Atlanta WON(13-17) 
4:00PM ET
 NFL 
Box Score
 -- 
3
 Saturday, August 26th 
vs.
Indianapolis LOST(19-15) 
7:30PM ET
 None 
Box Score
 -- 
4
 Thursday, August 31st 
@
Carolina WON(17-14) 
7:30PM ET
 None 
Box Score
 -- 
^ Jump to top
