New York Mets Schedule - MLB Baseball
Sports
NFL 
MLB 
NBA 
NHL 
NCAAF 
Olympics 
NCAAB 
Golf 
NASCAR 
UFC 
Fantasy 
MoreIndycar 
Golfweek 
Boxing 
Tennis 
High School 
Soccer 
MMA 
Motor Sports 
WNBA 
Horse Racing 
Cycling 
College 
NCAAW 
Video 
For The Win 
Golf
Main
Leaderboard
Schedule
Stats
Standings
PGA Tour
LPGA
More
Mlb
Main
Scores
Schedule
Standings
Statistics
Odds
Salaries
Teams
MoreRankings
Injuries
Transactions
Fantasy Baseball
Sagarin Ratings
BaseballHQ.com
TheBigLead.com
Nascar
Main
Results
Schedule
Standings
IndyCar
MoreSagarin Ratings
TheBigLead.com
Nba
Main
Scores
Schedule
Standings
Statistics
Odds
Teams
MoreRankings
Injuries
Transactions
Sagarin Ratings
NBA Packages
HoopsHype
TheBigLead.com
Ncaab
Main
Bracket Challenge
Scores
Schedule
Polls
MoreStandings
Odds
Teams
Injuries
Coaches Salaries
Sagarin Ratings
HoopsHype
TheBigLead.com
Ncaaf
Main
Fan Index
Scores
Polls
MoreOdds
Teams
Schedule
Standings
Statistics
Injuries
Transactions
Coaches Salaries
Sagarin Ratings
TheBigLead.com
Nfl
Main
Scores
Schedule
Standings
Statistics
Odds
Teams
MoreRankings
NFL Arrests
Injuries
Transactions
Fantasy Football
Sagarin Ratings
NFL Packages
TheHuddle.com
TheBigLead.com
Nhl
Main
Scores
Schedule
Standings
Statistics
Odds
Teams
MoreOdds
Rankings
Injuries
Transactions
Salaries
Sagarin Ratings
TheBigLead.com
Soccer
Main
ScoresMLS
ScheduleMLS
StandingsMLS
TeamsMLS
MLS Photo Store
MoreMLS Photo Store
Sagarin MLS Ratings
Wnba
Main
Scores
Schedule
Standings
Statistics
Odds
Teams
MoreOdds
Injuries
Main
Schedule
Statistics
Roster
MoreInjuries
Transactions
Salaries
PRESEASON
DATE
OPPONENT
TIME
TV
COVERAGE
 Friday, February 23rd 
vs.
Atlanta
1:10PM ET
 None 
 -- 
 Saturday, February 24th 
vs.
St. Louis
1:10PM ET
 None 
 -- 
 Sunday, February 25th 
vs.
Miami
1:10PM ET
 None 
 -- 
 Monday, February 26th 
@
Houston
1:05PM ET
 None 
 -- 
 Tuesday, February 27th 
vs.
Houston
1:10PM ET
 None 
 -- 
 Wednesday, February 28th 
@
Atlanta
1:05PM ET
 None 
 -- 
 Thursday, March 1st 
vs.
Miami
1:10PM ET
 None 
 -- 
 Friday, March 2nd 
vs.
Washington
1:10PM ET
 None 
 -- 
 Friday, March 2nd 
@
Houston
6:05PM ET
 None 
 -- 
 Saturday, March 3rd 
@
Miami
1:05PM ET
 None 
 -- 
 Sunday, March 4th 
vs.
Washington
1:10PM ET
 None 
 -- 
 Monday, March 5th 
vs.
Detroit
1:10PM ET
 None 
 -- 
 Tuesday, March 6th 
vs.
Houston
1:10PM ET
 None 
 -- 
 Wednesday, March 7th 
vs.
New York
1:10PM ET
 None 
 -- 
 Thursday, March 8th 
@
Washington
1:05PM ET
 None 
 -- 
 Friday, March 9th 
@
Detroit
1:05PM ET
 None 
 -- 
 Saturday, March 10th 
@
New York
1:05PM ET
 None 
 -- 
 Sunday, March 11th 
vs.
Houston
1:10PM ET
 None 
 -- 
 Tuesday, March 13th 
vs.
Houston
1:10PM ET
 None 
 -- 
 Tuesday, March 13th 
@
Washington
7:05PM ET
 None 
 -- 
 Wednesday, March 14th 
@
Miami
1:05PM ET
 None 
 -- 
 Thursday, March 15th 
vs.
Miami
1:10PM ET
 None 
 -- 
 Friday, March 16th 
vs.
Baltimore
1:10PM ET
 None 
 -- 
 Saturday, March 17th 
@
Washington
1:05PM ET
 None 
 -- 
 Sunday, March 18th 
@
Baltimore
1:05PM ET
 None 
 -- 
 Monday, March 19th 
@
Houston
1:05PM ET
 None 
 -- 
 Tuesday, March 20th 
@
St. Louis
1:05PM ET
 None 
 -- 
 Thursday, March 22nd 
vs.
Washington
6:10PM ET
 None 
 -- 
 Friday, March 23rd 
vs.
St. Louis
1:10PM ET
 None 
 -- 
 Saturday, March 24th 
@
St. Louis
1:05PM ET
 None 
 -- 
 Sunday, March 25th 
vs.
Miami
12:10PM ET
 None 
 -- 
REGULAR SEASON
DATE
OPPONENT
TIME
TV
COVERAGE
 Thursday, March 29th 
vs.
St. Louis
1:10PM ET
 None 
 -- 
 Saturday, March 31st 
vs.
St. Louis
1:10PM ET
 None 
 -- 
 Sunday, April 1st 
vs.
St. Louis
1:10PM ET
 None 
 -- 
 Monday, April 2nd 
vs.
Philadelphia
7:10PM ET
 None 
 -- 
 Tuesday, April 3rd 
vs.
Philadelphia
7:10PM ET
 None 
 -- 
 Wednesday, April 4th 
vs.
Philadelphia
1:10PM ET
 None 
 -- 
 Thursday, April 5th 
@
Washington
1:05PM ET
 None 
 -- 
 Saturday, April 7th 
@
Washington
1:05PM ET
 None 
 -- 
 Sunday, April 8th 
@
Washington
8:08PM ET
 None 
 -- 
 Monday, April 9th 
@
Miami
7:10PM ET
 None 
 -- 
 Tuesday, April 10th 
@
Miami
7:10PM ET
 None 
 -- 
 Wednesday, April 11th 
@
Miami
7:10PM ET
 None 
 -- 
 Friday, April 13th 
vs.
Milwaukee
7:10PM ET
 None 
 -- 
 Saturday, April 14th 
vs.
Milwaukee
7:10PM ET
 None 
 -- 
 Sunday, April 15th 
vs.
Milwaukee
1:10PM ET
 None 
 -- 
 Monday, April 16th 
vs.
Washington
7:10PM ET
 None 
 -- 
 Tuesday, April 17th 
vs.
Washington
7:10PM ET
 None 
 -- 
 Wednesday, April 18th 
vs.
Washington
7:10PM ET
 None 
 -- 
 Thursday, April 19th 
@
Atlanta
7:35PM ET
 None 
 -- 
 Friday, April 20th 
@
Atlanta
7:35PM ET
 None 
 -- 
 Saturday, April 21st 
@
Atlanta
7:10PM ET
 None 
 -- 
 Sunday, April 22nd 
@
Atlanta
1:35PM ET
 None 
 -- 
 Tuesday, April 24th 
@
St. Louis
8:15PM ET
 None 
 -- 
 Wednesday, April 25th 
@
St. Louis
8:15PM ET
 None 
 -- 
 Thursday, April 26th 
@
St. Louis
1:15PM ET
 None 
 -- 
 Friday, April 27th 
@
San Diego
10:10PM ET
 None 
 -- 
 Saturday, April 28th 
@
San Diego
8:40PM ET
 None 
 -- 
 Sunday, April 29th 
@
San Diego
4:10PM ET
 None 
 -- 
 Tuesday, May 1st 
vs.
Atlanta
7:10PM ET
 None 
 -- 
 Wednesday, May 2nd 
vs.
Atlanta
7:10PM ET
 None 
 -- 
 Thursday, May 3rd 
vs.
Atlanta
1:10PM ET
 None 
 -- 
 Friday, May 4th 
vs.
Colorado
7:10PM ET
 None 
 -- 
 Saturday, May 5th 
vs.
Colorado
7:10PM ET
 None 
 -- 
 Sunday, May 6th 
vs.
Colorado
1:10PM ET
 None 
 -- 
 Monday, May 7th 
@
Cincinnati
7:10PM ET
 None 
 -- 
 Tuesday, May 8th 
@
Cincinnati
7:10PM ET
 None 
 -- 
 Wednesday, May 9th 
@
Cincinnati
12:35PM ET
 None 
 -- 
 Friday, May 11th 
@
Philadelphia
7:05PM ET
 None 
 -- 
 Saturday, May 12th 
@
Philadelphia
7:05PM ET
 None 
 -- 
 Sunday, May 13th 
@
Philadelphia
1:35PM ET
 None 
 -- 
 Tuesday, May 15th 
vs.
Toronto
7:10PM ET
 None 
 -- 
 Wednesday, May 16th 
vs.
Toronto
1:10PM ET
 None 
 -- 
 Friday, May 18th 
vs.
Arizona
7:10PM ET
 None 
 -- 
 Saturday, May 19th 
vs.
Arizona
7:10PM ET
 None 
 -- 
 Sunday, May 20th 
vs.
Arizona
1:10PM ET
 None 
 -- 
 Monday, May 21st 
vs.
Miami
7:10PM ET
 None 
 -- 
 Tuesday, May 22nd 
vs.
Miami
7:10PM ET
 None 
 -- 
 Wednesday, May 23rd 
vs.
Miami
7:10PM ET
 None 
 -- 
 Thursday, May 24th 
@
Milwaukee
8:10PM ET
 None 
 -- 
 Friday, May 25th 
@
Milwaukee
8:10PM ET
 None 
 -- 
 Saturday, May 26th 
@
Milwaukee
4:10PM ET
 None 
 -- 
 Sunday, May 27th 
@
Milwaukee
2:10PM ET
 None 
 -- 
 Monday, May 28th 
@
Atlanta
1:35PM ET
 None 
 -- 
 Tuesday, May 29th 
@
Atlanta
7:35PM ET
 None 
 -- 
 Wednesday, May 30th 
@
Atlanta
7:35PM ET
 None 
 -- 
 Thursday, May 31st 
vs.
Chicago
7:10PM ET
 None 
 -- 
 Friday, June 1st 
vs.
Chicago
7:10PM ET
 None 
 -- 
 Saturday, June 2nd 
vs.
Chicago
7:15PM ET
 None 
 -- 
 Sunday, June 3rd 
vs.
Chicago
1:10PM ET
 None 
 -- 
 Tuesday, June 5th 
vs.
Baltimore
7:10PM ET
 None 
 -- 
 Wednesday, June 6th 
vs.
Baltimore
1:10PM ET
 None 
 -- 
 Friday, June 8th 
vs.
New York
7:10PM ET
 None 
 -- 
 Saturday, June 9th 
vs.
New York
7:15PM ET
 None 
 -- 
 Sunday, June 10th 
vs.
New York
8:05PM ET
 None 
 -- 
 Tuesday, June 12th 
@
Atlanta
7:35PM ET
 None 
 -- 
 Wednesday, June 13th 
@
Atlanta
12:10PM ET
 None 
 -- 
 Thursday, June 14th 
@
Arizona
9:40PM ET
 None 
 -- 
 Friday, June 15th 
@
Arizona
9:40PM ET
 None 
 -- 
 Saturday, June 16th 
@
Arizona
10:10PM ET
 None 
 -- 
 Sunday, June 17th 
@
Arizona
4:10PM ET
 None 
 -- 
 Monday, June 18th 
@
Colorado
8:40PM ET
 None 
 -- 
 Tuesday, June 19th 
@
Colorado
8:40PM ET
 None 
 -- 
 Wednesday, June 20th 
@
Colorado
8:40PM ET
 None 
 -- 
 Thursday, June 21st 
@
Colorado
3:10PM ET
 None 
 -- 
 Friday, June 22nd 
vs.
Los Angeles
7:10PM ET
 None 
 -- 
 Saturday, June 23rd 
vs.
Los Angeles
7:15PM ET
 None 
 -- 
 Sunday, June 24th 
vs.
Los Angeles
1:10PM ET
 None 
 -- 
 Monday, June 25th 
vs.
Pittsburgh
7:10PM ET
 None 
 -- 
 Tuesday, June 26th 
vs.
Pittsburgh
7:10PM ET
 None 
 -- 
 Wednesday, June 27th 
vs.
Pittsburgh
7:10PM ET
 None 
 -- 
 Friday, June 29th 
@
Miami
7:10PM ET
 None 
 -- 
 Saturday, June 30th 
@
Miami
4:10PM ET
 None 
 -- 
 Sunday, July 1st 
@
Miami
1:10PM ET
 None 
 -- 
 Tuesday, July 3rd 
@
Toronto
7:07PM ET
 None 
 -- 
 Wednesday, July 4th 
@
Toronto
7:07PM ET
 None 
 -- 
 Friday, July 6th 
vs.
Tampa Bay
7:10PM ET
 None 
 -- 
 Saturday, July 7th 
vs.
Tampa Bay
4:10PM ET
 None 
 -- 
 Sunday, July 8th 
vs.
Tampa Bay
1:10PM ET
 None 
 -- 
 Monday, July 9th 
vs.
Philadelphia
7:10PM ET
 None 
 -- 
 Tuesday, July 10th 
vs.
Philadelphia
7:10PM ET
 None 
 -- 
 Wednesday, July 11th 
vs.
Philadelphia
7:10PM ET
 None 
 -- 
 Thursday, July 12th 
vs.
Washington
7:10PM ET
 None 
 -- 
 Friday, July 13th 
vs.
Washington
7:10PM ET
 None 
 -- 
 Saturday, July 14th 
vs.
Washington
4:10PM ET
 None 
 -- 
 Sunday, July 15th 
vs.
Washington
1:10PM ET
 None 
 -- 
 Friday, July 20th 
@
New York
7:05PM ET
 None 
 -- 
 Saturday, July 21st 
@
New York
1:05PM ET
 None 
 -- 
 Sunday, July 22nd 
@
New York
8:05PM ET
 None 
 -- 
 Monday, July 23rd 
vs.
San Diego
7:10PM ET
 None 
 -- 
 Tuesday, July 24th 
vs.
San Diego
7:10PM ET
 None 
 -- 
 Wednesday, July 25th 
vs.
San Diego
12:10PM ET
 None 
 -- 
 Thursday, July 26th 
@
Pittsburgh
7:05PM ET
 None 
 -- 
 Friday, July 27th 
@
Pittsburgh
7:05PM ET
 None 
 -- 
 Saturday, July 28th 
@
Pittsburgh
7:05PM ET
 None 
 -- 
 Sunday, July 29th 
@
Pittsburgh
1:35PM ET
 None 
 -- 
 Tuesday, July 31st 
@
Washington
7:05PM ET
 None 
 -- 
 Wednesday, August 1st 
@
Washington
12:05PM ET
 None 
 -- 
 Thursday, August 2nd 
vs.
Atlanta
7:10PM ET
 None 
 -- 
 Friday, August 3rd 
vs.
Atlanta
7:10PM ET
 None 
 -- 
 Saturday, August 4th 
vs.
Atlanta
7:10PM ET
 None 
 -- 
 Sunday, August 5th 
vs.
Atlanta
1:10PM ET
 None 
 -- 
 Monday, August 6th 
vs.
Cincinnati
7:10PM ET
 None 
 -- 
 Tuesday, August 7th 
vs.
Cincinnati
7:10PM ET
 None 
 -- 
 Wednesday, August 8th 
vs.
Cincinnati
12:10PM ET
 None 
 -- 
 Friday, August 10th 
@
Miami
7:10PM ET
 None 
 -- 
 Saturday, August 11th 
@
Miami
7:10PM ET
 None 
 -- 
 Sunday, August 12th 
@
Miami
1:10PM ET
 None 
 -- 
 Tuesday, August 14th 
@
Baltimore
7:05PM ET
 None 
 -- 
 Wednesday, August 15th 
@
Baltimore
7:05PM ET
 None 
 -- 
 Thursday, August 16th 
@
Philadelphia
7:05PM ET
 None 
 -- 
 Friday, August 17th 
@
Philadelphia
6:05PM ET
 None 
 -- 
 Saturday, August 18th 
@
Philadelphia
4:05PM ET
 None 
 -- 
 Sunday, August 19th 
@
Philadelphia
8:08PM ET
 None 
 -- 
 Monday, August 20th 
vs.
San Francisco
7:10PM ET
 None 
 -- 
 Tuesday, August 21st 
vs.
San Francisco
7:10PM ET
 None 
 -- 
 Wednesday, August 22nd 
vs.
San Francisco
7:10PM ET
 None 
 -- 
 Thursday, August 23rd 
vs.
San Francisco
1:10PM ET
 None 
 -- 
 Friday, August 24th 
vs.
Washington
7:10PM ET
 None 
 -- 
 Saturday, August 25th 
vs.
Washington
4:05PM ET
 None 
 -- 
 Sunday, August 26th 
vs.
Washington
1:10PM ET
 None 
 -- 
 Monday, August 27th 
@
Chicago
8:05PM ET
 None 
 -- 
 Tuesday, August 28th 
@
Chicago
8:05PM ET
 None 
 -- 
 Wednesday, August 29th 
@
Chicago
2:20PM ET
 None 
 -- 
 Friday, August 31st 
@
San Francisco
10:15PM ET
 None 
 -- 
 Saturday, September 1st 
@
San Francisco
4:05PM ET
 None 
 -- 
 Sunday, September 2nd 
@
San Francisco
4:05PM ET
 None 
 -- 
 Monday, September 3rd 
@
Los Angeles
8:10PM ET
 None 
 -- 
 Tuesday, September 4th 
@
Los Angeles
10:10PM ET
 None 
 -- 
 Wednesday, September 5th 
@
Los Angeles
7:35PM ET
 None 
 -- 
 Friday, September 7th 
vs.
Philadelphia
7:10PM ET
 None 
 -- 
 Saturday, September 8th 
vs.
Philadelphia
7:10PM ET
 None 
 -- 
 Sunday, September 9th 
vs.
Philadelphia
1:10PM ET
 None 
 -- 
 Monday, September 10th 
vs.
Miami
7:10PM ET
 None 
 -- 
 Tuesday, September 11th 
vs.
Miami
7:10PM ET
 None 
 -- 
 Wednesday, September 12th 
vs.
Miami
7:10PM ET
 None 
 -- 
 Thursday, September 13th 
vs.
Miami
7:10PM ET
 None 
 -- 
 Friday, September 14th 
@
Boston
7:10PM ET
 None 
 -- 
 Saturday, September 15th 
@
Boston
4:05PM ET
 None 
 -- 
 Sunday, September 16th 
@
Boston
TBA
 None 
 -- 
 Monday, September 17th 
@
Philadelphia
7:05PM ET
 None 
 -- 
 Tuesday, September 18th 
@
Philadelphia
7:05PM ET
 None 
 -- 
 Wednesday, September 19th 
@
Philadelphia
6:05PM ET
 None 
 -- 
 Thursday, September 20th 
@
Washington
7:05PM ET
 None 
 -- 
 Friday, September 21st 
@
Washington
7:05PM ET
 None 
 -- 
 Saturday, September 22nd 
@
Washington
4:05PM ET
 None 
 -- 
 Sunday, September 23rd 
@
Washington
1:35PM ET
 None 
 -- 
 Tuesday, September 25th 
vs.
Atlanta
7:10PM ET
 None 
 -- 
 Wednesday, September 26th 
vs.
Atlanta
7:10PM ET
 None 
 -- 
 Thursday, September 27th 
vs.
Atlanta
7:10PM ET
 None 
 -- 
 Friday, September 28th 
vs.
Miami
7:10PM ET
 None 
 -- 
 Saturday, September 29th 
vs.
Miami
7:10PM ET
 None 
 -- 
 Sunday, September 30th 
vs.
Miami
3:10PM ET
 None 
 -- 
^ Jump to top
