San Francisco Giants Schedule - MLB Baseball
Sports
NFL 
MLB 
NBA 
NHL 
NCAAF 
Olympics 
NCAAB 
Golf 
NASCAR 
UFC 
Fantasy 
MoreIndycar 
Golfweek 
Boxing 
Tennis 
High School 
Soccer 
MMA 
Motor Sports 
WNBA 
Horse Racing 
Cycling 
College 
NCAAW 
Video 
For The Win 
Golf
Main
Leaderboard
Schedule
Stats
Standings
PGA Tour
LPGA
More
Mlb
Main
Scores
Schedule
Standings
Statistics
Odds
Salaries
Teams
MoreRankings
Injuries
Transactions
Fantasy Baseball
Sagarin Ratings
BaseballHQ.com
TheBigLead.com
Nascar
Main
Results
Schedule
Standings
IndyCar
MoreSagarin Ratings
TheBigLead.com
Nba
Main
Scores
Schedule
Standings
Statistics
Odds
Teams
MoreRankings
Injuries
Transactions
Sagarin Ratings
NBA Packages
HoopsHype
TheBigLead.com
Ncaab
Main
Bracket Challenge
Scores
Schedule
Polls
MoreStandings
Odds
Teams
Injuries
Coaches Salaries
Sagarin Ratings
HoopsHype
TheBigLead.com
Ncaaf
Main
Fan Index
Scores
Polls
MoreOdds
Teams
Schedule
Standings
Statistics
Injuries
Transactions
Coaches Salaries
Sagarin Ratings
TheBigLead.com
Nfl
Main
Scores
Schedule
Standings
Statistics
Odds
Teams
MoreRankings
NFL Arrests
Injuries
Transactions
Fantasy Football
Sagarin Ratings
NFL Packages
TheHuddle.com
TheBigLead.com
Nhl
Main
Scores
Schedule
Standings
Statistics
Odds
Teams
MoreOdds
Rankings
Injuries
Transactions
Salaries
Sagarin Ratings
TheBigLead.com
Soccer
Main
ScoresMLS
ScheduleMLS
StandingsMLS
TeamsMLS
MLS Photo Store
MoreMLS Photo Store
Sagarin MLS Ratings
Wnba
Main
Scores
Schedule
Standings
Statistics
Odds
Teams
MoreOdds
Injuries
Main
Schedule
Statistics
Roster
MoreInjuries
Transactions
Salaries
PRESEASON
DATE
OPPONENT
TIME
TV
COVERAGE
 Friday, February 23rd 
vs.
Milwaukee
3:05PM ET
 None 
 -- 
 Saturday, February 24th 
@
Los Angeles
3:05PM ET
 None 
 -- 
 Sunday, February 25th 
vs.
Chicago
3:05PM ET
 None 
 -- 
 Monday, February 26th 
vs.
Kansas City
3:05PM ET
 None 
 -- 
 Tuesday, February 27th 
vs.
Arizona
3:05PM ET
 None 
 -- 
 Wednesday, February 28th 
@
Milwaukee
3:05PM ET
 None 
 -- 
 Thursday, March 1st 
vs.
Los Angeles
3:05PM ET
 None 
 -- 
 Friday, March 2nd 
vs.
Cincinnati
3:05PM ET
 None 
 -- 
 Saturday, March 3rd 
@
Cleveland
3:05PM ET
 None 
 -- 
 Saturday, March 3rd 
vs.
Texas
3:05PM ET
 None 
 -- 
 Sunday, March 4th 
vs.
Los Angeles
3:05PM ET
 None 
 -- 
 Monday, March 5th 
@
Texas
3:05PM ET
 None 
 -- 
 Wednesday, March 7th 
vs.
San Diego
3:05PM ET
 None 
 -- 
 Thursday, March 8th 
@
Seattle
8:40PM ET
 None 
 -- 
 Friday, March 9th 
vs.
Seattle
3:05PM ET
 None 
 -- 
 Saturday, March 10th 
vs.
Los Angeles
3:05PM ET
 None 
 -- 
 Saturday, March 10th 
@
Los Angeles
3:10PM ET
 None 
 -- 
 Sunday, March 11th 
vs.
San Diego
6:05PM ET
 None 
 -- 
 Monday, March 12th 
@
Oakland
4:05PM ET
 None 
 -- 
 Tuesday, March 13th 
@
Chicago
10:05PM ET
 None 
 -- 
 Wednesday, March 14th 
@
Seattle
9:40PM ET
 None 
 -- 
 Thursday, March 15th 
@
San Diego
9:40PM ET
 None 
 -- 
 Saturday, March 17th 
@
Cincinnati
4:05PM ET
 None 
 -- 
 Saturday, March 17th 
vs.
Oakland
7:05PM ET
 None 
 -- 
 Sunday, March 18th 
@
Colorado
4:10PM ET
 None 
 -- 
 Monday, March 19th 
vs.
Cleveland
4:05PM ET
 None 
 -- 
 Tuesday, March 20th 
@
Kansas City
9:05PM ET
 None 
 -- 
 Wednesday, March 21st 
@
Arizona
9:40PM ET
 None 
 -- 
 Thursday, March 22nd 
vs.
Chicago
10:05PM ET
 None 
 -- 
 Friday, March 23rd 
vs.
Kansas City
4:05PM ET
 None 
 -- 
 Sunday, March 25th 
@
Oakland
4:05PM ET
 None 
 -- 
 Monday, March 26th 
vs.
Oakland
10:15PM ET
 None 
 -- 
 Tuesday, March 27th 
vs.
Oakland
9:05PM ET
 None 
 -- 
REGULAR SEASON
DATE
OPPONENT
TIME
TV
COVERAGE
 Thursday, March 29th 
@
Los Angeles
7:08PM ET
 None 
 -- 
 Friday, March 30th 
@
Los Angeles
10:10PM ET
 None 
 -- 
 Saturday, March 31st 
@
Los Angeles
9:10PM ET
 None 
 -- 
 Sunday, April 1st 
@
Los Angeles
8:37PM ET
 None 
 -- 
 Tuesday, April 3rd 
vs.
Seattle
4:35PM ET
 None 
 -- 
 Wednesday, April 4th 
vs.
Seattle
7:15PM ET
 None 
 -- 
 Friday, April 6th 
vs.
Los Angeles
10:15PM ET
 None 
 -- 
 Saturday, April 7th 
vs.
Los Angeles
4:05PM ET
 None 
 -- 
 Sunday, April 8th 
vs.
Los Angeles
4:05PM ET
 None 
 -- 
 Monday, April 9th 
vs.
Arizona
10:15PM ET
 None 
 -- 
 Tuesday, April 10th 
vs.
Arizona
10:15PM ET
 None 
 -- 
 Wednesday, April 11th 
vs.
Arizona
3:45PM ET
 None 
 -- 
 Thursday, April 12th 
@
San Diego
10:10PM ET
 None 
 -- 
 Friday, April 13th 
@
San Diego
10:10PM ET
 None 
 -- 
 Saturday, April 14th 
@
San Diego
8:40PM ET
 None 
 -- 
 Sunday, April 15th 
@
San Diego
4:10PM ET
 None 
 -- 
 Tuesday, April 17th 
@
Arizona
9:40PM ET
 None 
 -- 
 Wednesday, April 18th 
@
Arizona
9:40PM ET
 None 
 -- 
 Thursday, April 19th 
@
Arizona
9:40PM ET
 None 
 -- 
 Friday, April 20th 
@
Los Angeles
10:07PM ET
 None 
 -- 
 Saturday, April 21st 
@
Los Angeles
9:07PM ET
 None 
 -- 
 Sunday, April 22nd 
@
Los Angeles
4:07PM ET
 None 
 -- 
 Monday, April 23rd 
vs.
Washington
10:15PM ET
 None 
 -- 
 Tuesday, April 24th 
vs.
Washington
10:15PM ET
 None 
 -- 
 Wednesday, April 25th 
vs.
Washington
3:45PM ET
 None 
 -- 
 Friday, April 27th 
vs.
Los Angeles
10:15PM ET
 None 
 -- 
 Saturday, April 28th 
vs.
Los Angeles
9:05PM ET
 None 
 -- 
 Sunday, April 29th 
vs.
Los Angeles
4:05PM ET
 None 
 -- 
 Monday, April 30th 
vs.
San Diego
10:15PM ET
 None 
 -- 
 Tuesday, May 1st 
vs.
San Diego
10:15PM ET
 None 
 -- 
 Wednesday, May 2nd 
vs.
San Diego
3:45PM ET
 None 
 -- 
 Friday, May 4th 
@
Atlanta
7:35PM ET
 None 
 -- 
 Saturday, May 5th 
@
Atlanta
7:10PM ET
 None 
 -- 
 Sunday, May 6th 
@
Atlanta
1:35PM ET
 None 
 -- 
 Monday, May 7th 
@
Philadelphia
7:05PM ET
 None 
 -- 
 Tuesday, May 8th 
@
Philadelphia
7:05PM ET
 None 
 -- 
 Wednesday, May 9th 
@
Philadelphia
7:05PM ET
 None 
 -- 
 Thursday, May 10th 
@
Philadelphia
1:05PM ET
 None 
 -- 
 Friday, May 11th 
@
Pittsburgh
7:05PM ET
 None 
 -- 
 Saturday, May 12th 
@
Pittsburgh
7:05PM ET
 None 
 -- 
 Sunday, May 13th 
@
Pittsburgh
1:35PM ET
 None 
 -- 
 Monday, May 14th 
vs.
Cincinnati
10:15PM ET
 None 
 -- 
 Tuesday, May 15th 
vs.
Cincinnati
10:15PM ET
 None 
 -- 
 Wednesday, May 16th 
vs.
Cincinnati
3:45PM ET
 None 
 -- 
 Thursday, May 17th 
vs.
Colorado
10:15PM ET
 None 
 -- 
 Friday, May 18th 
vs.
Colorado
10:15PM ET
 None 
 -- 
 Saturday, May 19th 
vs.
Colorado
4:05PM ET
 None 
 -- 
 Sunday, May 20th 
vs.
Colorado
4:05PM ET
 None 
 -- 
 Tuesday, May 22nd 
@
Houston
8:10PM ET
 None 
 -- 
 Wednesday, May 23rd 
@
Houston
2:10PM ET
 None 
 -- 
 Friday, May 25th 
@
Chicago
2:20PM ET
 None 
 -- 
 Saturday, May 26th 
@
Chicago
7:15PM ET
 None 
 -- 
 Sunday, May 27th 
@
Chicago
8:08PM ET
 None 
 -- 
 Monday, May 28th 
@
Colorado
7:10PM ET
 None 
 -- 
 Tuesday, May 29th 
@
Colorado
8:40PM ET
 None 
 -- 
 Wednesday, May 30th 
@
Colorado
8:40PM ET
 None 
 -- 
 Friday, June 1st 
vs.
Philadelphia
10:15PM ET
 None 
 -- 
 Saturday, June 2nd 
vs.
Philadelphia
10:05PM ET
 None 
 -- 
 Sunday, June 3rd 
vs.
Philadelphia
4:05PM ET
 None 
 -- 
 Monday, June 4th 
vs.
Arizona
10:15PM ET
 None 
 -- 
 Tuesday, June 5th 
vs.
Arizona
10:15PM ET
 None 
 -- 
 Wednesday, June 6th 
vs.
Arizona
3:45PM ET
 None 
 -- 
 Friday, June 8th 
@
Washington
7:05PM ET
 None 
 -- 
 Saturday, June 9th 
@
Washington
12:05PM ET
 None 
 -- 
 Sunday, June 10th 
@
Washington
4:05PM ET
 None 
 -- 
 Monday, June 11th 
@
Miami
7:10PM ET
 None 
 -- 
 Tuesday, June 12th 
@
Miami
7:10PM ET
 None 
 -- 
 Wednesday, June 13th 
@
Miami
7:10PM ET
 None 
 -- 
 Thursday, June 14th 
@
Miami
12:10PM ET
 None 
 -- 
 Friday, June 15th 
@
Los Angeles
10:10PM ET
 None 
 -- 
 Saturday, June 16th 
@
Los Angeles
8:15PM ET
 None 
 -- 
 Sunday, June 17th 
@
Los Angeles
4:10PM ET
 None 
 -- 
 Monday, June 18th 
vs.
Miami
10:15PM ET
 None 
 -- 
 Tuesday, June 19th 
vs.
Miami
10:15PM ET
 None 
 -- 
 Wednesday, June 20th 
vs.
Miami
3:45PM ET
 None 
 -- 
 Thursday, June 21st 
vs.
San Diego
10:15PM ET
 None 
 -- 
 Friday, June 22nd 
vs.
San Diego
10:15PM ET
 None 
 -- 
 Saturday, June 23rd 
vs.
San Diego
4:05PM ET
 None 
 -- 
 Sunday, June 24th 
vs.
San Diego
4:05PM ET
 None 
 -- 
 Tuesday, June 26th 
vs.
Colorado
10:15PM ET
 None 
 -- 
 Wednesday, June 27th 
vs.
Colorado
10:15PM ET
 None 
 -- 
 Thursday, June 28th 
vs.
Colorado
3:45PM ET
 None 
 -- 
 Friday, June 29th 
@
Arizona
9:40PM ET
 None 
 -- 
 Saturday, June 30th 
@
Arizona
10:10PM ET
 None 
 -- 
 Sunday, July 1st 
@
Arizona
4:10PM ET
 None 
 -- 
 Monday, July 2nd 
@
Colorado
8:40PM ET
 None 
 -- 
 Tuesday, July 3rd 
@
Colorado
8:10PM ET
 None 
 -- 
 Wednesday, July 4th 
@
Colorado
8:10PM ET
 None 
 -- 
 Thursday, July 5th 
vs.
St. Louis
10:15PM ET
 None 
 -- 
 Friday, July 6th 
vs.
St. Louis
10:15PM ET
 None 
 -- 
 Saturday, July 7th 
vs.
St. Louis
4:05PM ET
 None 
 -- 
 Sunday, July 8th 
vs.
St. Louis
4:05PM ET
 None 
 -- 
 Monday, July 9th 
vs.
Chicago
10:15PM ET
 None 
 -- 
 Tuesday, July 10th 
vs.
Chicago
10:15PM ET
 None 
 -- 
 Wednesday, July 11th 
vs.
Chicago
3:45PM ET
 None 
 -- 
 Friday, July 13th 
vs.
Oakland
10:15PM ET
 None 
 -- 
 Saturday, July 14th 
vs.
Oakland
10:05PM ET
 None 
 -- 
 Sunday, July 15th 
vs.
Oakland
4:05PM ET
 None 
 -- 
 Friday, July 20th 
@
Oakland
9:35PM ET
 None 
 -- 
 Saturday, July 21st 
@
Oakland
9:05PM ET
 None 
 -- 
 Sunday, July 22nd 
@
Oakland
4:05PM ET
 None 
 -- 
 Tuesday, July 24th 
@
Seattle
10:10PM ET
 None 
 -- 
 Wednesday, July 25th 
@
Seattle
4:10PM ET
 None 
 -- 
 Thursday, July 26th 
vs.
Milwaukee
10:15PM ET
 None 
 -- 
 Friday, July 27th 
vs.
Milwaukee
10:15PM ET
 None 
 -- 
 Saturday, July 28th 
vs.
Milwaukee
9:05PM ET
 None 
 -- 
 Sunday, July 29th 
vs.
Milwaukee
4:05PM ET
 None 
 -- 
 Monday, July 30th 
@
San Diego
10:10PM ET
 None 
 -- 
 Tuesday, July 31st 
@
San Diego
4:10PM ET
 None 
 -- 
 Thursday, August 2nd 
@
Arizona
9:40PM ET
 None 
 -- 
 Friday, August 3rd 
@
Arizona
9:40PM ET
 None 
 -- 
 Saturday, August 4th 
@
Arizona
8:10PM ET
 None 
 -- 
 Sunday, August 5th 
@
Arizona
4:10PM ET
 None 
 -- 
 Monday, August 6th 
vs.
Houston
10:15PM ET
 None 
 -- 
 Tuesday, August 7th 
vs.
Houston
3:45PM ET
 None 
 -- 
 Thursday, August 9th 
vs.
Pittsburgh
10:15PM ET
 None 
 -- 
 Friday, August 10th 
vs.
Pittsburgh
10:15PM ET
 None 
 -- 
 Saturday, August 11th 
vs.
Pittsburgh
9:05PM ET
 None 
 -- 
 Sunday, August 12th 
vs.
Pittsburgh
4:05PM ET
 None 
 -- 
 Monday, August 13th 
@
Los Angeles
10:10PM ET
 None 
 -- 
 Tuesday, August 14th 
@
Los Angeles
10:10PM ET
 None 
 -- 
 Wednesday, August 15th 
@
Los Angeles
10:10PM ET
 None 
 -- 
 Friday, August 17th 
@
Cincinnati
7:10PM ET
 None 
 -- 
 Saturday, August 18th 
@
Cincinnati
7:10PM ET
 None 
 -- 
 Sunday, August 19th 
@
Cincinnati
1:10PM ET
 None 
 -- 
 Monday, August 20th 
@
New York
7:10PM ET
 None 
 -- 
 Tuesday, August 21st 
@
New York
7:10PM ET
 None 
 -- 
 Wednesday, August 22nd 
@
New York
7:10PM ET
 None 
 -- 
 Thursday, August 23rd 
@
New York
1:10PM ET
 None 
 -- 
 Friday, August 24th 
vs.
Texas
10:15PM ET
 None 
 -- 
 Saturday, August 25th 
vs.
Texas
4:05PM ET
 None 
 -- 
 Sunday, August 26th 
vs.
Texas
4:05PM ET
 None 
 -- 
 Monday, August 27th 
vs.
Arizona
10:15PM ET
 None 
 -- 
 Tuesday, August 28th 
vs.
Arizona
10:15PM ET
 None 
 -- 
 Wednesday, August 29th 
vs.
Arizona
10:15PM ET
 None 
 -- 
 Friday, August 31st 
vs.
New York
10:15PM ET
 None 
 -- 
 Saturday, September 1st 
vs.
New York
4:05PM ET
 None 
 -- 
 Sunday, September 2nd 
vs.
New York
4:05PM ET
 None 
 -- 
 Monday, September 3rd 
@
Colorado
3:10PM ET
 None 
 -- 
 Tuesday, September 4th 
@
Colorado
8:40PM ET
 None 
 -- 
 Wednesday, September 5th 
@
Colorado
8:40PM ET
 None 
 -- 
 Friday, September 7th 
@
Milwaukee
8:10PM ET
 None 
 -- 
 Saturday, September 8th 
@
Milwaukee
7:10PM ET
 None 
 -- 
 Sunday, September 9th 
@
Milwaukee
2:10PM ET
 None 
 -- 
 Monday, September 10th 
vs.
Atlanta
10:15PM ET
 None 
 -- 
 Tuesday, September 11th 
vs.
Atlanta
10:15PM ET
 None 
 -- 
 Wednesday, September 12th 
vs.
Atlanta
3:45PM ET
 None 
 -- 
 Friday, September 14th 
vs.
Colorado
10:15PM ET
 None 
 -- 
 Saturday, September 15th 
vs.
Colorado
9:05PM ET
 None 
 -- 
 Sunday, September 16th 
vs.
Colorado
4:05PM ET
 None 
 -- 
 Monday, September 17th 
@
San Diego
10:10PM ET
 None 
 -- 
 Tuesday, September 18th 
@
San Diego
10:10PM ET
 None 
 -- 
 Wednesday, September 19th 
@
San Diego
9:10PM ET
 None 
 -- 
 Friday, September 21st 
@
St. Louis
8:15PM ET
 None 
 -- 
 Saturday, September 22nd 
@
St. Louis
7:15PM ET
 None 
 -- 
 Sunday, September 23rd 
@
St. Louis
2:15PM ET
 None 
 -- 
 Monday, September 24th 
vs.
San Diego
10:15PM ET
 None 
 -- 
 Tuesday, September 25th 
vs.
San Diego
10:15PM ET
 None 
 -- 
 Wednesday, September 26th 
vs.
San Diego
10:15PM ET
 None 
 -- 
 Friday, September 28th 
vs.
Los Angeles
10:15PM ET
 None 
 -- 
 Saturday, September 29th 
vs.
Los Angeles
4:05PM ET
 None 
 -- 
 Sunday, September 30th 
vs.
Los Angeles
3:05PM ET
 None 
 -- 
^ Jump to top
