Baltimore Orioles Schedule - MLB Baseball
Sports
NFL 
MLB 
NBA 
NHL 
NCAAF 
Olympics 
NCAAB 
Golf 
NASCAR 
UFC 
Fantasy 
MoreIndycar 
Golfweek 
Boxing 
Tennis 
High School 
Soccer 
MMA 
Motor Sports 
WNBA 
Horse Racing 
Cycling 
College 
NCAAW 
Video 
For The Win 
Golf
Main
Leaderboard
Schedule
Stats
Standings
PGA Tour
LPGA
More
Mlb
Main
Scores
Schedule
Standings
Statistics
Odds
Salaries
Teams
MoreRankings
Injuries
Transactions
Fantasy Baseball
Sagarin Ratings
BaseballHQ.com
TheBigLead.com
Nascar
Main
Results
Schedule
Standings
IndyCar
MoreSagarin Ratings
TheBigLead.com
Nba
Main
Scores
Schedule
Standings
Statistics
Odds
Teams
MoreRankings
Injuries
Transactions
Sagarin Ratings
NBA Packages
HoopsHype
TheBigLead.com
Ncaab
Main
Bracket Challenge
Scores
Schedule
Polls
MoreStandings
Odds
Teams
Injuries
Coaches Salaries
Sagarin Ratings
HoopsHype
TheBigLead.com
Ncaaf
Main
Fan Index
Scores
Polls
MoreOdds
Teams
Schedule
Standings
Statistics
Injuries
Transactions
Coaches Salaries
Sagarin Ratings
TheBigLead.com
Nfl
Main
Scores
Schedule
Standings
Statistics
Odds
Teams
MoreRankings
NFL Arrests
Injuries
Transactions
Fantasy Football
Sagarin Ratings
NFL Packages
TheHuddle.com
TheBigLead.com
Nhl
Main
Scores
Schedule
Standings
Statistics
Odds
Teams
MoreOdds
Rankings
Injuries
Transactions
Salaries
Sagarin Ratings
TheBigLead.com
Soccer
Main
ScoresMLS
ScheduleMLS
StandingsMLS
TeamsMLS
MLS Photo Store
MoreMLS Photo Store
Sagarin MLS Ratings
Wnba
Main
Scores
Schedule
Standings
Statistics
Odds
Teams
MoreOdds
Injuries
Main
Schedule
Statistics
Roster
MoreInjuries
Transactions
Salaries
PRESEASON
DATE
OPPONENT
TIME
TV
COVERAGE
 Friday, February 23rd 
vs.
Tampa Bay
1:05PM ET
 None 
 -- 
 Saturday, February 24th 
@
Philadelphia
1:05PM ET
 None 
 -- 
 Saturday, February 24th 
vs.
Minnesota
6:05PM ET
 None 
 -- 
 Sunday, February 25th 
@
Boston
1:05PM ET
 None 
 -- 
 Monday, February 26th 
vs.
Detroit
1:05PM ET
 None 
 -- 
 Tuesday, February 27th 
@
Tampa Bay
1:05PM ET
 None 
 -- 
 Wednesday, February 28th 
vs.
St. Louis
1:05PM ET
 None 
 -- 
 Thursday, March 1st 
@
Tampa Bay
1:05PM ET
 None 
 -- 
 Friday, March 2nd 
vs.
Pittsburgh
1:05PM ET
 None 
 -- 
 Saturday, March 3rd 
@
Philadelphia
1:05PM ET
 None 
 -- 
 Sunday, March 4th 
vs.
Boston
1:05PM ET
 None 
 -- 
 Tuesday, March 6th 
@
Minnesota
1:05PM ET
 None 
 -- 
 Wednesday, March 7th 
@
Tampa Bay
1:05PM ET
 None 
 -- 
 Thursday, March 8th 
vs.
Toronto
1:05PM ET
 None 
 -- 
 Friday, March 9th 
@
Toronto
1:07PM ET
 None 
 -- 
 Saturday, March 10th 
vs.
Pittsburgh
1:05PM ET
 None 
 -- 
 Sunday, March 11th 
@
Boston
1:05PM ET
 None 
 -- 
 Sunday, March 11th 
vs.
Philadelphia
6:05PM ET
 None 
 -- 
 Monday, March 12th 
@
Pittsburgh
1:05PM ET
 None 
 -- 
 Tuesday, March 13th 
@
Minnesota
1:05PM ET
 None 
 -- 
 Wednesday, March 14th 
vs.
New York
1:05PM ET
 None 
 -- 
 Thursday, March 15th 
@
St. Louis
1:05PM ET
 None 
 -- 
 Friday, March 16th 
@
New York
1:10PM ET
 None 
 -- 
 Saturday, March 17th 
vs.
Toronto
1:05PM ET
 None 
 -- 
 Sunday, March 18th 
vs.
New York
1:05PM ET
 None 
 -- 
 Monday, March 19th 
@
Detroit
1:05PM ET
 None 
 -- 
 Tuesday, March 20th 
vs.
Tampa Bay
6:05PM ET
 None 
 -- 
 Wednesday, March 21st 
@
New York
6:35PM ET
 None 
 -- 
 Thursday, March 22nd 
vs.
Boston
1:05PM ET
 None 
 -- 
 Friday, March 23rd 
vs.
Tampa Bay
1:05PM ET
 None 
 -- 
 Saturday, March 24th 
vs.
Minnesota
6:05PM ET
 None 
 -- 
 Sunday, March 25th 
@
Philadelphia
1:05PM ET
 None 
 -- 
REGULAR SEASON
DATE
OPPONENT
TIME
TV
COVERAGE
 Thursday, March 29th 
vs.
Minnesota
3:05PM ET
 None 
 -- 
 Saturday, March 31st 
vs.
Minnesota
7:05PM ET
 None 
 -- 
 Sunday, April 1st 
vs.
Minnesota
1:05PM ET
 None 
 -- 
 Monday, April 2nd 
@
Houston
8:10PM ET
 None 
 -- 
 Tuesday, April 3rd 
@
Houston
8:10PM ET
 None 
 -- 
 Wednesday, April 4th 
@
Houston
2:10PM ET
 None 
 -- 
 Thursday, April 5th 
@
New York
6:35PM ET
 None 
 -- 
 Friday, April 6th 
@
New York
7:05PM ET
 None 
 -- 
 Saturday, April 7th 
@
New York
1:05PM ET
 None 
 -- 
 Sunday, April 8th 
@
New York
1:05PM ET
 None 
 -- 
 Monday, April 9th 
vs.
Toronto
7:05PM ET
 None 
 -- 
 Tuesday, April 10th 
vs.
Toronto
7:05PM ET
 None 
 -- 
 Wednesday, April 11th 
vs.
Toronto
7:05PM ET
 None 
 -- 
 Friday, April 13th 
@
Boston
7:10PM ET
 None 
 -- 
 Saturday, April 14th 
@
Boston
1:05PM ET
 None 
 -- 
 Sunday, April 15th 
@
Boston
1:05PM ET
 None 
 -- 
 Monday, April 16th 
@
Boston
11:05AM ET
 None 
 -- 
 Tuesday, April 17th 
@
Detroit
6:40PM ET
 None 
 -- 
 Wednesday, April 18th 
@
Detroit
6:40PM ET
 None 
 -- 
 Thursday, April 19th 
@
Detroit
1:10PM ET
 None 
 -- 
 Friday, April 20th 
vs.
Cleveland
7:05PM ET
 None 
 -- 
 Saturday, April 21st 
vs.
Cleveland
4:05PM ET
 None 
 -- 
 Sunday, April 22nd 
vs.
Cleveland
1:05PM ET
 None 
 -- 
 Monday, April 23rd 
vs.
Cleveland
7:05PM ET
 None 
 -- 
 Tuesday, April 24th 
vs.
Tampa Bay
7:05PM ET
 None 
 -- 
 Wednesday, April 25th 
vs.
Tampa Bay
7:05PM ET
 None 
 -- 
 Thursday, April 26th 
vs.
Tampa Bay
7:05PM ET
 None 
 -- 
 Friday, April 27th 
vs.
Detroit
7:05PM ET
 None 
 -- 
 Saturday, April 28th 
vs.
Detroit
7:05PM ET
 None 
 -- 
 Sunday, April 29th 
vs.
Detroit
1:05PM ET
 None 
 -- 
 Tuesday, May 1st 
@
Los Angeles
10:07PM ET
 None 
 -- 
 Wednesday, May 2nd 
@
Los Angeles
10:07PM ET
 None 
 -- 
 Thursday, May 3rd 
@
Los Angeles
10:07PM ET
 None 
 -- 
 Friday, May 4th 
@
Oakland
10:05PM ET
 None 
 -- 
 Saturday, May 5th 
@
Oakland
9:05PM ET
 None 
 -- 
 Sunday, May 6th 
@
Oakland
4:05PM ET
 None 
 -- 
 Tuesday, May 8th 
vs.
Kansas City
7:05PM ET
 None 
 -- 
 Wednesday, May 9th 
vs.
Kansas City
7:05PM ET
 None 
 -- 
 Thursday, May 10th 
vs.
Kansas City
7:05PM ET
 None 
 -- 
 Friday, May 11th 
vs.
Tampa Bay
7:05PM ET
 None 
 -- 
 Saturday, May 12th 
vs.
Tampa Bay
7:05PM ET
 None 
 -- 
 Sunday, May 13th 
vs.
Tampa Bay
1:05PM ET
 None 
 -- 
 Tuesday, May 15th 
vs.
Philadelphia
7:05PM ET
 None 
 -- 
 Wednesday, May 16th 
vs.
Philadelphia
12:35PM ET
 None 
 -- 
 Friday, May 18th 
@
Boston
7:10PM ET
 None 
 -- 
 Saturday, May 19th 
@
Boston
7:10PM ET
 None 
 -- 
 Sunday, May 20th 
@
Boston
1:05PM ET
 None 
 -- 
 Monday, May 21st 
@
Chicago
8:10PM ET
 None 
 -- 
 Tuesday, May 22nd 
@
Chicago
8:10PM ET
 None 
 -- 
 Wednesday, May 23rd 
@
Chicago
8:10PM ET
 None 
 -- 
 Thursday, May 24th 
@
Chicago
2:10PM ET
 None 
 -- 
 Friday, May 25th 
@
Tampa Bay
7:10PM ET
 None 
 -- 
 Saturday, May 26th 
@
Tampa Bay
4:10PM ET
 None 
 -- 
 Sunday, May 27th 
@
Tampa Bay
1:10PM ET
 None 
 -- 
 Monday, May 28th 
vs.
Washington
1:05PM ET
 None 
 -- 
 Tuesday, May 29th 
vs.
Washington
7:05PM ET
 None 
 -- 
 Wednesday, May 30th 
vs.
Washington
7:05PM ET
 None 
 -- 
 Thursday, May 31st 
vs.
New York
7:05PM ET
 None 
 -- 
 Friday, June 1st 
vs.
New York
7:05PM ET
 None 
 -- 
 Saturday, June 2nd 
vs.
New York
4:05PM ET
 None 
 -- 
 Sunday, June 3rd 
vs.
New York
1:05PM ET
 None 
 -- 
 Tuesday, June 5th 
@
New York
7:10PM ET
 None 
 -- 
 Wednesday, June 6th 
@
New York
1:10PM ET
 None 
 -- 
 Thursday, June 7th 
@
Toronto
7:07PM ET
 None 
 -- 
 Friday, June 8th 
@
Toronto
7:07PM ET
 None 
 -- 
 Saturday, June 9th 
@
Toronto
1:07PM ET
 None 
 -- 
 Sunday, June 10th 
@
Toronto
1:07PM ET
 None 
 -- 
 Monday, June 11th 
vs.
Boston
7:05PM ET
 None 
 -- 
 Tuesday, June 12th 
vs.
Boston
7:05PM ET
 None 
 -- 
 Wednesday, June 13th 
vs.
Boston
3:05PM ET
 None 
 -- 
 Friday, June 15th 
vs.
Miami
7:05PM ET
 None 
 -- 
 Saturday, June 16th 
vs.
Miami
4:05PM ET
 None 
 -- 
 Sunday, June 17th 
vs.
Miami
1:05PM ET
 None 
 -- 
 Tuesday, June 19th 
@
Washington
7:05PM ET
 None 
 -- 
 Wednesday, June 20th 
@
Washington
7:05PM ET
 None 
 -- 
 Thursday, June 21st 
@
Washington
7:05PM ET
 None 
 -- 
 Friday, June 22nd 
@
Atlanta
7:35PM ET
 None 
 -- 
 Saturday, June 23rd 
@
Atlanta
4:10PM ET
 None 
 -- 
 Sunday, June 24th 
@
Atlanta
1:35PM ET
 None 
 -- 
 Monday, June 25th 
vs.
Seattle
7:05PM ET
 None 
 -- 
 Tuesday, June 26th 
vs.
Seattle
7:05PM ET
 None 
 -- 
 Wednesday, June 27th 
vs.
Seattle
7:05PM ET
 None 
 -- 
 Thursday, June 28th 
vs.
Seattle
3:05PM ET
 None 
 -- 
 Friday, June 29th 
vs.
Los Angeles
7:05PM ET
 None 
 -- 
 Saturday, June 30th 
vs.
Los Angeles
4:05PM ET
 None 
 -- 
 Sunday, July 1st 
vs.
Los Angeles
1:05PM ET
 None 
 -- 
 Tuesday, July 3rd 
@
Philadelphia
7:05PM ET
 None 
 -- 
 Wednesday, July 4th 
@
Philadelphia
4:05PM ET
 None 
 -- 
 Thursday, July 5th 
@
Minnesota
8:10PM ET
 None 
 -- 
 Friday, July 6th 
@
Minnesota
8:10PM ET
 None 
 -- 
 Saturday, July 7th 
@
Minnesota
2:10PM ET
 None 
 -- 
 Sunday, July 8th 
@
Minnesota
2:10PM ET
 None 
 -- 
 Monday, July 9th 
vs.
New York
7:05PM ET
 None 
 -- 
 Tuesday, July 10th 
vs.
New York
7:05PM ET
 None 
 -- 
 Wednesday, July 11th 
vs.
New York
7:05PM ET
 None 
 -- 
 Friday, July 13th 
vs.
Texas
7:05PM ET
 None 
 -- 
 Saturday, July 14th 
vs.
Texas
7:15PM ET
 None 
 -- 
 Sunday, July 15th 
vs.
Texas
1:05PM ET
 None 
 -- 
 Friday, July 20th 
@
Toronto
7:07PM ET
 None 
 -- 
 Saturday, July 21st 
@
Toronto
1:07PM ET
 None 
 -- 
 Sunday, July 22nd 
@
Toronto
1:07PM ET
 None 
 -- 
 Monday, July 23rd 
vs.
Boston
7:05PM ET
 None 
 -- 
 Tuesday, July 24th 
vs.
Boston
7:05PM ET
 None 
 -- 
 Wednesday, July 25th 
vs.
Boston
7:05PM ET
 None 
 -- 
 Thursday, July 26th 
vs.
Tampa Bay
7:05PM ET
 None 
 -- 
 Friday, July 27th 
vs.
Tampa Bay
7:05PM ET
 None 
 -- 
 Saturday, July 28th 
vs.
Tampa Bay
7:05PM ET
 None 
 -- 
 Sunday, July 29th 
vs.
Tampa Bay
1:05PM ET
 None 
 -- 
 Tuesday, July 31st 
@
New York
7:05PM ET
 None 
 -- 
 Wednesday, August 1st 
@
New York
1:05PM ET
 None 
 -- 
 Thursday, August 2nd 
@
Texas
8:05PM ET
 None 
 -- 
 Friday, August 3rd 
@
Texas
8:05PM ET
 None 
 -- 
 Saturday, August 4th 
@
Texas
8:05PM ET
 None 
 -- 
 Sunday, August 5th 
@
Texas
3:05PM ET
 None 
 -- 
 Tuesday, August 7th 
@
Tampa Bay
7:10PM ET
 None 
 -- 
 Wednesday, August 8th 
@
Tampa Bay
7:10PM ET
 None 
 -- 
 Thursday, August 9th 
@
Tampa Bay
7:10PM ET
 None 
 -- 
 Friday, August 10th 
vs.
Boston
7:05PM ET
 None 
 -- 
 Saturday, August 11th 
vs.
Boston
7:05PM ET
 None 
 -- 
 Sunday, August 12th 
vs.
Boston
1:05PM ET
 None 
 -- 
 Tuesday, August 14th 
vs.
New York
7:05PM ET
 None 
 -- 
 Wednesday, August 15th 
vs.
New York
7:05PM ET
 None 
 -- 
 Friday, August 17th 
@
Cleveland
7:10PM ET
 None 
 -- 
 Saturday, August 18th 
@
Cleveland
4:05PM ET
 None 
 -- 
 Sunday, August 19th 
@
Cleveland
1:10PM ET
 None 
 -- 
 Monday, August 20th 
@
Toronto
7:07PM ET
 None 
 -- 
 Tuesday, August 21st 
@
Toronto
7:07PM ET
 None 
 -- 
 Wednesday, August 22nd 
@
Toronto
12:37PM ET
 None 
 -- 
 Friday, August 24th 
vs.
New York
7:05PM ET
 None 
 -- 
 Saturday, August 25th 
vs.
New York
7:05PM ET
 None 
 -- 
 Sunday, August 26th 
vs.
New York
1:05PM ET
 None 
 -- 
 Monday, August 27th 
vs.
Toronto
7:05PM ET
 None 
 -- 
 Tuesday, August 28th 
vs.
Toronto
7:05PM ET
 None 
 -- 
 Wednesday, August 29th 
vs.
Toronto
7:05PM ET
 None 
 -- 
 Friday, August 31st 
@
Kansas City
8:15PM ET
 None 
 -- 
 Saturday, September 1st 
@
Kansas City
7:15PM ET
 None 
 -- 
 Sunday, September 2nd 
@
Kansas City
2:15PM ET
 None 
 -- 
 Monday, September 3rd 
@
Seattle
9:10PM ET
 None 
 -- 
 Tuesday, September 4th 
@
Seattle
10:10PM ET
 None 
 -- 
 Wednesday, September 5th 
@
Seattle
10:10PM ET
 None 
 -- 
 Friday, September 7th 
@
Tampa Bay
7:10PM ET
 None 
 -- 
 Saturday, September 8th 
@
Tampa Bay
6:10PM ET
 None 
 -- 
 Sunday, September 9th 
@
Tampa Bay
1:10PM ET
 None 
 -- 
 Tuesday, September 11th 
vs.
Oakland
7:05PM ET
 None 
 -- 
 Wednesday, September 12th 
vs.
Oakland
7:05PM ET
 None 
 -- 
 Thursday, September 13th 
vs.
Oakland
7:05PM ET
 None 
 -- 
 Friday, September 14th 
vs.
Chicago
7:05PM ET
 None 
 -- 
 Saturday, September 15th 
vs.
Chicago
7:05PM ET
 None 
 -- 
 Sunday, September 16th 
vs.
Chicago
1:05PM ET
 None 
 -- 
 Monday, September 17th 
vs.
Toronto
7:05PM ET
 None 
 -- 
 Tuesday, September 18th 
vs.
Toronto
7:05PM ET
 None 
 -- 
 Wednesday, September 19th 
vs.
Toronto
7:05PM ET
 None 
 -- 
 Friday, September 21st 
@
New York
7:05PM ET
 None 
 -- 
 Saturday, September 22nd 
@
New York
4:05PM ET
 None 
 -- 
 Sunday, September 23rd 
@
New York
1:05PM ET
 None 
 -- 
 Monday, September 24th 
@
Boston
7:10PM ET
 None 
 -- 
 Tuesday, September 25th 
@
Boston
7:10PM ET
 None 
 -- 
 Wednesday, September 26th 
@
Boston
7:10PM ET
 None 
 -- 
 Thursday, September 27th 
vs.
Houston
7:05PM ET
 None 
 -- 
 Friday, September 28th 
vs.
Houston
7:05PM ET
 None 
 -- 
 Saturday, September 29th 
vs.
Houston
7:05PM ET
 None 
 -- 
 Sunday, September 30th 
vs.
Houston
3:05PM ET
 None 
 -- 
^ Jump to top
