San Francisco 49ers Schedule - NFL Football
Sports
NFL 
MLB 
NBA 
NHL 
NCAAF 
Olympics 
NCAAB 
Golf 
NASCAR 
UFC 
Fantasy 
MoreIndycar 
Golfweek 
Boxing 
Tennis 
High School 
Soccer 
MMA 
Motor Sports 
WNBA 
Horse Racing 
Cycling 
College 
NCAAW 
Video 
For The Win 
Golf
Main
Leaderboard
Schedule
Stats
Standings
PGA Tour
LPGA
More
Mlb
Main
Scores
Schedule
Standings
Statistics
Odds
Salaries
Teams
MoreRankings
Injuries
Transactions
Fantasy Baseball
Sagarin Ratings
BaseballHQ.com
TheBigLead.com
Nascar
Main
Results
Schedule
Standings
IndyCar
MoreSagarin Ratings
TheBigLead.com
Nba
Main
Scores
Schedule
Standings
Statistics
Odds
Teams
MoreRankings
Injuries
Transactions
Sagarin Ratings
NBA Packages
HoopsHype
TheBigLead.com
Ncaab
Main
Bracket Challenge
Scores
Schedule
Polls
MoreStandings
Odds
Teams
Injuries
Coaches Salaries
Sagarin Ratings
HoopsHype
TheBigLead.com
Ncaaf
Main
Fan Index
Scores
Polls
MoreOdds
Teams
Schedule
Standings
Statistics
Injuries
Transactions
Coaches Salaries
Sagarin Ratings
TheBigLead.com
Nfl
Main
Scores
Schedule
Standings
Statistics
Odds
Teams
MoreRankings
NFL Arrests
Injuries
Transactions
Fantasy Football
Sagarin Ratings
NFL Packages
TheHuddle.com
TheBigLead.com
Nhl
Main
Scores
Schedule
Standings
Statistics
Odds
Teams
MoreOdds
Rankings
Injuries
Transactions
Salaries
Sagarin Ratings
TheBigLead.com
Soccer
Main
ScoresMLS
ScheduleMLS
StandingsMLS
TeamsMLS
MLS Photo Store
MoreMLS Photo Store
Sagarin MLS Ratings
Wnba
Main
Scores
Schedule
Standings
Statistics
Odds
Teams
MoreOdds
Injuries
Main
Schedule
Statistics
Roster
MoreInjuries
Transactions
REGULAR SEASON
WEEK
DATE
OPPONENT
TIME
TV
COVERAGE
1
 Sunday, September 10th 
vs.
Carolina LOST(23-3) 
4:25PM ET
 FOX 
Box Score
 -- 
2
 Sunday, September 17th 
@
Seattle LOST(9-12) 
4:25PM ET
 FOX 
Box Score
 -- 
3
 Thursday, September 21st 
vs.
Los Angeles LOST(41-39) 
8:25PM ET
 None 
Box Score
 -- 
4
 Sunday, October 1st 
@
Arizona LOST(15-18) 
4:05PM ET
 FOX 
Box Score
 -- 
5
 Sunday, October 8th 
@
Indianapolis LOST(23-26) 
1:00PM ET
 FOX 
Box Score
 -- 
6
 Sunday, October 15th 
@
Washington LOST(24-26) 
1:00PM ET
 FOX 
Box Score
 -- 
7
 Sunday, October 22nd 
vs.
Dallas LOST(40-10) 
4:05PM ET
 FOX 
Box Score
 -- 
8
 Sunday, October 29th 
@
Philadelphia LOST(10-33) 
1:00PM ET
 FOX 
Box Score
 -- 
9
 Sunday, November 5th 
vs.
Arizona LOST(20-10) 
4:05PM ET
 FOX 
Box Score
 -- 
10
 Sunday, November 12th 
vs.
New York WON(21-31) 
4:25PM ET
 FOX 
Box Score
 -- 
11
BYE
12
 Sunday, November 26th 
vs.
Seattle LOST(24-13) 
4:05PM ET
 FOX 
Box Score
 -- 
13
 Sunday, December 3rd 
@
Chicago WON(15-14) 
1:00PM ET
 CBS 
Box Score
 -- 
14
 Sunday, December 10th 
@
Houston WON(26-16) 
1:00PM ET
 FOX 
Box Score
 -- 
15
 Sunday, December 17th 
vs.
Tennessee WON(23-25) 
4:25PM ET
 CBS 
Box Score
 -- 
16
 Sunday, December 24th 
vs.
Jacksonville WON(33-44) 
4:05PM ET
 CBS 
Box Score
 -- 
17
 Sunday, December 31st 
@
Los Angeles WON(34-13) 
4:25PM ET
 FOX 
Box Score
 -- 
PRESEASON
WEEK
DATE
OPPONENT
TIME
TV
COVERAGE
1
 Friday, August 11th 
@
Kansas City WON(27-17) 
9:00PM ET
 NFL 
Box Score
 -- 
2
 Saturday, August 19th 
vs.
Denver LOST(33-14) 
10:00PM ET
 NFL 
Box Score
 -- 
3
 Sunday, August 27th 
@
Minnesota LOST(31-32) 
8:00PM ET
 NBC 
Box Score
 -- 
4
 Thursday, August 31st 
vs.
Los Angeles WON(13-23) 
10:00PM ET
 None 
Box Score
 -- 
^ Jump to top
