Seattle Mariners Schedule - MLB Baseball
Sports
NFL 
MLB 
NBA 
NHL 
NCAAF 
Olympics 
NCAAB 
Golf 
NASCAR 
UFC 
Fantasy 
MoreIndycar 
Golfweek 
Boxing 
Tennis 
High School 
Soccer 
MMA 
Motor Sports 
WNBA 
Horse Racing 
Cycling 
College 
NCAAW 
Video 
For The Win 
Golf
Main
Leaderboard
Schedule
Stats
Standings
PGA Tour
LPGA
More
Mlb
Main
Scores
Schedule
Standings
Statistics
Odds
Salaries
Teams
MoreRankings
Injuries
Transactions
Fantasy Baseball
Sagarin Ratings
BaseballHQ.com
TheBigLead.com
Nascar
Main
Results
Schedule
Standings
IndyCar
MoreSagarin Ratings
TheBigLead.com
Nba
Main
Scores
Schedule
Standings
Statistics
Odds
Teams
MoreRankings
Injuries
Transactions
Sagarin Ratings
NBA Packages
HoopsHype
TheBigLead.com
Ncaab
Main
Bracket Challenge
Scores
Schedule
Polls
MoreStandings
Odds
Teams
Injuries
Coaches Salaries
Sagarin Ratings
HoopsHype
TheBigLead.com
Ncaaf
Main
Fan Index
Scores
Polls
MoreOdds
Teams
Schedule
Standings
Statistics
Injuries
Transactions
Coaches Salaries
Sagarin Ratings
TheBigLead.com
Nfl
Main
Scores
Schedule
Standings
Statistics
Odds
Teams
MoreRankings
NFL Arrests
Injuries
Transactions
Fantasy Football
Sagarin Ratings
NFL Packages
TheHuddle.com
TheBigLead.com
Nhl
Main
Scores
Schedule
Standings
Statistics
Odds
Teams
MoreOdds
Rankings
Injuries
Transactions
Salaries
Sagarin Ratings
TheBigLead.com
Soccer
Main
ScoresMLS
ScheduleMLS
StandingsMLS
TeamsMLS
MLS Photo Store
MoreMLS Photo Store
Sagarin MLS Ratings
Wnba
Main
Scores
Schedule
Standings
Statistics
Odds
Teams
MoreOdds
Injuries
Main
Schedule
Statistics
Roster
MoreInjuries
Transactions
Salaries
PRESEASON
DATE
OPPONENT
TIME
TV
COVERAGE
 Friday, February 23rd 
@
San Diego
3:10PM ET
 None 
 -- 
 Saturday, February 24th 
vs.
Chicago
3:10PM ET
 None 
 -- 
 Sunday, February 25th 
vs.
Los Angeles
3:10PM ET
 None 
 -- 
 Monday, February 26th 
@
Chicago
3:05PM ET
 None 
 -- 
 Tuesday, February 27th 
@
Kansas City
3:05PM ET
 None 
 -- 
 Tuesday, February 27th 
vs.
San Diego
3:10PM ET
 None 
 -- 
 Wednesday, February 28th 
@
Cleveland
3:05PM ET
 None 
 -- 
 Thursday, March 1st 
vs.
Kansas City
3:10PM ET
 None 
 -- 
 Friday, March 2nd 
@
Milwaukee
3:05PM ET
 None 
 -- 
 Saturday, March 3rd 
vs.
Los Angeles
8:40PM ET
 None 
 -- 
 Sunday, March 4th 
@
Texas
3:05PM ET
 None 
 -- 
 Tuesday, March 6th 
vs.
Colorado
8:40PM ET
 None 
 -- 
 Wednesday, March 7th 
vs.
Oakland
8:40PM ET
 None 
 -- 
 Thursday, March 8th 
vs.
San Francisco
8:40PM ET
 None 
 -- 
 Friday, March 9th 
@
San Francisco
3:05PM ET
 None 
 -- 
 Saturday, March 10th 
@
Cincinnati
8:06PM ET
 None 
 -- 
 Sunday, March 11th 
vs.
Cincinnati
4:10PM ET
 None 
 -- 
 Monday, March 12th 
vs.
Chicago
9:40PM ET
 None 
 -- 
 Tuesday, March 13th 
@
Colorado
4:10PM ET
 None 
 -- 
 Wednesday, March 14th 
vs.
San Francisco
9:40PM ET
 None 
 -- 
 Thursday, March 15th 
@
Oakland
10:05PM ET
 None 
 -- 
 Friday, March 16th 
@
Texas
4:05PM ET
 None 
 -- 
 Saturday, March 17th 
@
Oakland
4:05PM ET
 None 
 -- 
 Saturday, March 17th 
vs.
Los Angeles
4:10PM ET
 None 
 -- 
 Sunday, March 18th 
vs.
Cleveland
4:10PM ET
 None 
 -- 
 Monday, March 19th 
@
Los Angeles
9:10PM ET
 None 
 -- 
 Wednesday, March 21st 
vs.
Milwaukee
9:40PM ET
 None 
 -- 
 Thursday, March 22nd 
vs.
Texas
9:40PM ET
 None 
 -- 
 Friday, March 23rd 
@
Chicago
4:05PM ET
 None 
 -- 
 Saturday, March 24th 
vs.
Chicago
9:40PM ET
 None 
 -- 
 Sunday, March 25th 
@
San Diego
3:10PM ET
 None 
 -- 
 Tuesday, March 27th 
@
Colorado
4:10PM ET
 None 
 -- 
REGULAR SEASON
DATE
OPPONENT
TIME
TV
COVERAGE
 Thursday, March 29th 
vs.
Cleveland
10:10PM ET
 None 
 -- 
 Saturday, March 31st 
vs.
Cleveland
4:10PM ET
 None 
 -- 
 Sunday, April 1st 
vs.
Cleveland
4:10PM ET
 None 
 -- 
 Tuesday, April 3rd 
@
San Francisco
4:35PM ET
 None 
 -- 
 Wednesday, April 4th 
@
San Francisco
7:15PM ET
 None 
 -- 
 Thursday, April 5th 
@
Minnesota
4:10PM ET
 None 
 -- 
 Saturday, April 7th 
@
Minnesota
2:10PM ET
 None 
 -- 
 Sunday, April 8th 
@
Minnesota
2:10PM ET
 None 
 -- 
 Monday, April 9th 
@
Kansas City
8:15PM ET
 None 
 -- 
 Tuesday, April 10th 
@
Kansas City
8:15PM ET
 None 
 -- 
 Wednesday, April 11th 
@
Kansas City
2:15PM ET
 None 
 -- 
 Friday, April 13th 
vs.
Oakland
10:10PM ET
 None 
 -- 
 Saturday, April 14th 
vs.
Oakland
9:10PM ET
 None 
 -- 
 Sunday, April 15th 
vs.
Oakland
4:10PM ET
 None 
 -- 
 Monday, April 16th 
vs.
Houston
10:10PM ET
 None 
 -- 
 Tuesday, April 17th 
vs.
Houston
10:10PM ET
 None 
 -- 
 Wednesday, April 18th 
vs.
Houston
10:10PM ET
 None 
 -- 
 Thursday, April 19th 
vs.
Houston
3:40PM ET
 None 
 -- 
 Friday, April 20th 
@
Texas
8:05PM ET
 None 
 -- 
 Saturday, April 21st 
@
Texas
8:05PM ET
 None 
 -- 
 Sunday, April 22nd 
@
Texas
3:05PM ET
 None 
 -- 
 Monday, April 23rd 
@
Chicago
8:10PM ET
 None 
 -- 
 Tuesday, April 24th 
@
Chicago
5:10PM ET
 None 
 -- 
 Wednesday, April 25th 
@
Chicago
2:10PM ET
 None 
 -- 
 Thursday, April 26th 
@
Cleveland
6:10PM ET
 None 
 -- 
 Friday, April 27th 
@
Cleveland
7:10PM ET
 None 
 -- 
 Saturday, April 28th 
@
Cleveland
4:10PM ET
 None 
 -- 
 Sunday, April 29th 
@
Cleveland
1:10PM ET
 None 
 -- 
 Tuesday, May 1st 
vs.
Oakland
10:10PM ET
 None 
 -- 
 Wednesday, May 2nd 
vs.
Oakland
10:10PM ET
 None 
 -- 
 Thursday, May 3rd 
vs.
Oakland
10:10PM ET
 None 
 -- 
 Friday, May 4th 
vs.
Los Angeles
10:10PM ET
 None 
 -- 
 Saturday, May 5th 
vs.
Los Angeles
9:10PM ET
 None 
 -- 
 Sunday, May 6th 
vs.
Los Angeles
4:10PM ET
 None 
 -- 
 Tuesday, May 8th 
@
Toronto
7:07PM ET
 None 
 -- 
 Wednesday, May 9th 
@
Toronto
7:07PM ET
 None 
 -- 
 Thursday, May 10th 
@
Toronto
7:07PM ET
 None 
 -- 
 Friday, May 11th 
@
Detroit
7:10PM ET
 None 
 -- 
 Saturday, May 12th 
@
Detroit
4:10PM ET
 None 
 -- 
 Sunday, May 13th 
@
Detroit
1:10PM ET
 None 
 -- 
 Tuesday, May 15th 
vs.
Texas
10:10PM ET
 None 
 -- 
 Wednesday, May 16th 
vs.
Texas
3:40PM ET
 None 
 -- 
 Thursday, May 17th 
vs.
Detroit
10:10PM ET
 None 
 -- 
 Friday, May 18th 
vs.
Detroit
10:10PM ET
 None 
 -- 
 Saturday, May 19th 
vs.
Detroit
9:10PM ET
 None 
 -- 
 Sunday, May 20th 
vs.
Detroit
4:10PM ET
 None 
 -- 
 Tuesday, May 22nd 
@
Oakland
10:05PM ET
 None 
 -- 
 Wednesday, May 23rd 
@
Oakland
10:05PM ET
 None 
 -- 
 Thursday, May 24th 
@
Oakland
3:35PM ET
 None 
 -- 
 Friday, May 25th 
vs.
Minnesota
10:10PM ET
 None 
 -- 
 Saturday, May 26th 
vs.
Minnesota
10:10PM ET
 None 
 -- 
 Sunday, May 27th 
vs.
Minnesota
4:10PM ET
 None 
 -- 
 Monday, May 28th 
vs.
Texas
4:10PM ET
 None 
 -- 
 Tuesday, May 29th 
vs.
Texas
10:10PM ET
 None 
 -- 
 Wednesday, May 30th 
vs.
Texas
10:10PM ET
 None 
 -- 
 Thursday, May 31st 
vs.
Texas
10:10PM ET
 None 
 -- 
 Friday, June 1st 
vs.
Tampa Bay
10:10PM ET
 None 
 -- 
 Saturday, June 2nd 
vs.
Tampa Bay
10:10PM ET
 None 
 -- 
 Sunday, June 3rd 
vs.
Tampa Bay
4:10PM ET
 None 
 -- 
 Tuesday, June 5th 
@
Houston
8:10PM ET
 None 
 -- 
 Wednesday, June 6th 
@
Houston
8:10PM ET
 None 
 -- 
 Thursday, June 7th 
@
Tampa Bay
7:10PM ET
 None 
 -- 
 Friday, June 8th 
@
Tampa Bay
7:10PM ET
 None 
 -- 
 Saturday, June 9th 
@
Tampa Bay
4:10PM ET
 None 
 -- 
 Sunday, June 10th 
@
Tampa Bay
1:10PM ET
 None 
 -- 
 Monday, June 11th 
vs.
Los Angeles
10:10PM ET
 None 
 -- 
 Tuesday, June 12th 
vs.
Los Angeles
10:10PM ET
 None 
 -- 
 Wednesday, June 13th 
vs.
Los Angeles
4:10PM ET
 None 
 -- 
 Thursday, June 14th 
vs.
Boston
10:10PM ET
 None 
 -- 
 Friday, June 15th 
vs.
Boston
10:10PM ET
 None 
 -- 
 Saturday, June 16th 
vs.
Boston
8:15PM ET
 None 
 -- 
 Sunday, June 17th 
vs.
Boston
4:10PM ET
 None 
 -- 
 Tuesday, June 19th 
@
New York
7:05PM ET
 None 
 -- 
 Wednesday, June 20th 
@
New York
7:05PM ET
 None 
 -- 
 Thursday, June 21st 
@
New York
1:05PM ET
 None 
 -- 
 Friday, June 22nd 
@
Boston
7:10PM ET
 None 
 -- 
 Saturday, June 23rd 
@
Boston
7:15PM ET
 None 
 -- 
 Sunday, June 24th 
@
Boston
1:05PM ET
 None 
 -- 
 Monday, June 25th 
@
Baltimore
7:05PM ET
 None 
 -- 
 Tuesday, June 26th 
@
Baltimore
7:05PM ET
 None 
 -- 
 Wednesday, June 27th 
@
Baltimore
7:05PM ET
 None 
 -- 
 Thursday, June 28th 
@
Baltimore
3:05PM ET
 None 
 -- 
 Friday, June 29th 
vs.
Kansas City
10:10PM ET
 None 
 -- 
 Saturday, June 30th 
vs.
Kansas City
10:10PM ET
 None 
 -- 
 Sunday, July 1st 
vs.
Kansas City
4:10PM ET
 None 
 -- 
 Tuesday, July 3rd 
vs.
Los Angeles
10:10PM ET
 None 
 -- 
 Wednesday, July 4th 
vs.
Los Angeles
4:10PM ET
 None 
 -- 
 Thursday, July 5th 
vs.
Los Angeles
10:10PM ET
 None 
 -- 
 Friday, July 6th 
vs.
Colorado
10:10PM ET
 None 
 -- 
 Saturday, July 7th 
vs.
Colorado
4:10PM ET
 None 
 -- 
 Sunday, July 8th 
vs.
Colorado
4:10PM ET
 None 
 -- 
 Tuesday, July 10th 
@
Los Angeles
10:07PM ET
 None 
 -- 
 Wednesday, July 11th 
@
Los Angeles
10:07PM ET
 None 
 -- 
 Thursday, July 12th 
@
Los Angeles
10:07PM ET
 None 
 -- 
 Friday, July 13th 
@
Colorado
8:40PM ET
 None 
 -- 
 Saturday, July 14th 
@
Colorado
9:10PM ET
 None 
 -- 
 Sunday, July 15th 
@
Colorado
3:10PM ET
 None 
 -- 
 Friday, July 20th 
vs.
Chicago
10:10PM ET
 None 
 -- 
 Saturday, July 21st 
vs.
Chicago
10:10PM ET
 None 
 -- 
 Sunday, July 22nd 
vs.
Chicago
4:10PM ET
 None 
 -- 
 Tuesday, July 24th 
vs.
San Francisco
10:10PM ET
 None 
 -- 
 Wednesday, July 25th 
vs.
San Francisco
4:10PM ET
 None 
 -- 
 Friday, July 27th 
@
Los Angeles
10:07PM ET
 None 
 -- 
 Saturday, July 28th 
@
Los Angeles
9:07PM ET
 None 
 -- 
 Sunday, July 29th 
@
Los Angeles
4:07PM ET
 None 
 -- 
 Monday, July 30th 
vs.
Houston
10:10PM ET
 None 
 -- 
 Tuesday, July 31st 
vs.
Houston
10:10PM ET
 None 
 -- 
 Wednesday, August 1st 
vs.
Houston
4:10PM ET
 None 
 -- 
 Thursday, August 2nd 
vs.
Toronto
10:10PM ET
 None 
 -- 
 Friday, August 3rd 
vs.
Toronto
10:10PM ET
 None 
 -- 
 Saturday, August 4th 
vs.
Toronto
10:10PM ET
 None 
 -- 
 Sunday, August 5th 
vs.
Toronto
4:10PM ET
 None 
 -- 
 Monday, August 6th 
@
Texas
8:05PM ET
 None 
 -- 
 Tuesday, August 7th 
@
Texas
8:05PM ET
 None 
 -- 
 Wednesday, August 8th 
@
Texas
2:05PM ET
 None 
 -- 
 Thursday, August 9th 
@
Houston
8:10PM ET
 None 
 -- 
 Friday, August 10th 
@
Houston
8:10PM ET
 None 
 -- 
 Saturday, August 11th 
@
Houston
7:10PM ET
 None 
 -- 
 Sunday, August 12th 
@
Houston
2:10PM ET
 None 
 -- 
 Monday, August 13th 
@
Oakland
10:05PM ET
 None 
 -- 
 Tuesday, August 14th 
@
Oakland
10:05PM ET
 None 
 -- 
 Wednesday, August 15th 
@
Oakland
3:35PM ET
 None 
 -- 
 Friday, August 17th 
vs.
Los Angeles
10:10PM ET
 None 
 -- 
 Saturday, August 18th 
vs.
Los Angeles
10:10PM ET
 None 
 -- 
 Sunday, August 19th 
vs.
Los Angeles
4:10PM ET
 None 
 -- 
 Monday, August 20th 
vs.
Houston
10:10PM ET
 None 
 -- 
 Tuesday, August 21st 
vs.
Houston
10:10PM ET
 None 
 -- 
 Wednesday, August 22nd 
vs.
Houston
4:10PM ET
 None 
 -- 
 Friday, August 24th 
@
Arizona
9:40PM ET
 None 
 -- 
 Saturday, August 25th 
@
Arizona
8:10PM ET
 None 
 -- 
 Sunday, August 26th 
@
Arizona
4:10PM ET
 None 
 -- 
 Tuesday, August 28th 
@
San Diego
10:10PM ET
 None 
 -- 
 Wednesday, August 29th 
@
San Diego
3:40PM ET
 None 
 -- 
 Thursday, August 30th 
@
Oakland
10:05PM ET
 None 
 -- 
 Friday, August 31st 
@
Oakland
10:05PM ET
 None 
 -- 
 Saturday, September 1st 
@
Oakland
9:05PM ET
 None 
 -- 
 Sunday, September 2nd 
@
Oakland
4:05PM ET
 None 
 -- 
 Monday, September 3rd 
vs.
Baltimore
9:10PM ET
 None 
 -- 
 Tuesday, September 4th 
vs.
Baltimore
10:10PM ET
 None 
 -- 
 Wednesday, September 5th 
vs.
Baltimore
10:10PM ET
 None 
 -- 
 Friday, September 7th 
vs.
New York
10:10PM ET
 None 
 -- 
 Saturday, September 8th 
vs.
New York
9:10PM ET
 None 
 -- 
 Sunday, September 9th 
vs.
New York
4:10PM ET
 None 
 -- 
 Tuesday, September 11th 
vs.
San Diego
10:10PM ET
 None 
 -- 
 Wednesday, September 12th 
vs.
San Diego
6:40PM ET
 None 
 -- 
 Thursday, September 13th 
@
Los Angeles
10:07PM ET
 None 
 -- 
 Friday, September 14th 
@
Los Angeles
10:07PM ET
 None 
 -- 
 Saturday, September 15th 
@
Los Angeles
9:07PM ET
 None 
 -- 
 Sunday, September 16th 
@
Los Angeles
4:07PM ET
 None 
 -- 
 Monday, September 17th 
@
Houston
8:10PM ET
 None 
 -- 
 Tuesday, September 18th 
@
Houston
8:10PM ET
 None 
 -- 
 Wednesday, September 19th 
@
Houston
8:10PM ET
 None 
 -- 
 Friday, September 21st 
@
Texas
8:05PM ET
 None 
 -- 
 Saturday, September 22nd 
@
Texas
8:05PM ET
 None 
 -- 
 Sunday, September 23rd 
@
Texas
3:05PM ET
 None 
 -- 
 Monday, September 24th 
vs.
Oakland
10:10PM ET
 None 
 -- 
 Tuesday, September 25th 
vs.
Oakland
10:10PM ET
 None 
 -- 
 Wednesday, September 26th 
vs.
Oakland
10:10PM ET
 None 
 -- 
 Thursday, September 27th 
vs.
Texas
10:10PM ET
 None 
 -- 
 Friday, September 28th 
vs.
Texas
10:10PM ET
 None 
 -- 
 Saturday, September 29th 
vs.
Texas
9:10PM ET
 None 
 -- 
 Sunday, September 30th 
vs.
Texas
3:10PM ET
 None 
 -- 
^ Jump to top
