Kansas City Chiefs Schedule - NFL Football
Sports
NFL 
MLB 
NBA 
NHL 
NCAAF 
Olympics 
NCAAB 
Golf 
NASCAR 
UFC 
Fantasy 
MoreIndycar 
Golfweek 
Boxing 
Tennis 
High School 
Soccer 
MMA 
Motor Sports 
WNBA 
Horse Racing 
Cycling 
College 
NCAAW 
Video 
For The Win 
Golf
Main
Leaderboard
Schedule
Stats
Standings
PGA Tour
LPGA
More
Mlb
Main
Scores
Schedule
Standings
Statistics
Odds
Salaries
Teams
MoreRankings
Injuries
Transactions
Fantasy Baseball
Sagarin Ratings
BaseballHQ.com
TheBigLead.com
Nascar
Main
Results
Schedule
Standings
IndyCar
MoreSagarin Ratings
TheBigLead.com
Nba
Main
Scores
Schedule
Standings
Statistics
Odds
Teams
MoreRankings
Injuries
Transactions
Sagarin Ratings
NBA Packages
HoopsHype
TheBigLead.com
Ncaab
Main
Bracket Challenge
Scores
Schedule
Polls
MoreStandings
Odds
Teams
Injuries
Coaches Salaries
Sagarin Ratings
HoopsHype
TheBigLead.com
Ncaaf
Main
Fan Index
Scores
Polls
MoreOdds
Teams
Schedule
Standings
Statistics
Injuries
Transactions
Coaches Salaries
Sagarin Ratings
TheBigLead.com
Nfl
Main
Scores
Schedule
Standings
Statistics
Odds
Teams
MoreRankings
NFL Arrests
Injuries
Transactions
Fantasy Football
Sagarin Ratings
NFL Packages
TheHuddle.com
TheBigLead.com
Nhl
Main
Scores
Schedule
Standings
Statistics
Odds
Teams
MoreOdds
Rankings
Injuries
Transactions
Salaries
Sagarin Ratings
TheBigLead.com
Soccer
Main
ScoresMLS
ScheduleMLS
StandingsMLS
TeamsMLS
MLS Photo Store
MoreMLS Photo Store
Sagarin MLS Ratings
Wnba
Main
Scores
Schedule
Standings
Statistics
Odds
Teams
MoreOdds
Injuries
Main
Schedule
Statistics
Roster
MoreInjuries
Transactions
POSTSEASON
ROUND
DATE
OPPONENT
TIME
TV
COVERAGE
NFL Playoffs: Wild-Card Weekend
 Saturday, January 6th 
vs.
Tennessee LOST(22-21) 
4:35PM ET
 ESPN 
Box Score
 -- 
REGULAR SEASON
WEEK
DATE
OPPONENT
TIME
TV
COVERAGE
1
 Thursday, September 7th 
@
New England WON(42-27) 
8:30PM ET
 NBC 
Box Score
 -- 
2
 Sunday, September 17th 
vs.
Philadelphia WON(20-27) 
1:00PM ET
 FOX 
Box Score
 -- 
3
 Sunday, September 24th 
@
Los Angeles WON(24-10) 
4:25PM ET
 CBS 
Box Score
 -- 
4
 Monday, October 2nd 
vs.
Washington WON(20-29) 
8:30PM ET
 ESPN 
Box Score
 -- 
5
 Sunday, October 8th 
@
Houston WON(42-34) 
8:30PM ET
 NBC 
Box Score
 -- 
6
 Sunday, October 15th 
vs.
Pittsburgh LOST(19-13) 
4:25PM ET
 CBS 
Box Score
 -- 
7
 Thursday, October 19th 
@
Oakland LOST(30-31) 
8:25PM ET
 CBS, NFL 
Box Score
 -- 
8
 Monday, October 30th 
vs.
Denver WON(19-29) 
8:30PM ET
 ESPN 
Box Score
 -- 
9
 Sunday, November 5th 
@
Dallas LOST(17-28) 
4:25PM ET
 CBS 
Box Score
 -- 
10
BYE
11
 Sunday, November 19th 
@
New York LOST(9-12) 
1:00PM ET
 CBS 
Box Score
 -- 
12
 Sunday, November 26th 
vs.
Buffalo LOST(16-10) 
1:00PM ET
 CBS 
Box Score
 -- 
13
 Sunday, December 3rd 
@
New York LOST(31-38) 
1:00PM ET
 CBS 
Box Score
 -- 
14
 Sunday, December 10th 
vs.
Oakland WON(15-26) 
1:00PM ET
 CBS 
Box Score
 -- 
15
 Saturday, December 16th 
vs.
Los Angeles WON(13-30) 
8:25PM ET
 NFL 
Box Score
 -- 
16
 Sunday, December 24th 
vs.
Miami WON(13-29) 
1:00PM ET
 CBS 
Box Score
 -- 
17
 Sunday, December 31st 
@
Denver WON(27-24) 
4:25PM ET
 CBS 
Box Score
 -- 
PRESEASON
WEEK
DATE
OPPONENT
TIME
TV
COVERAGE
1
 Friday, August 11th 
vs.
San Francisco LOST(27-17) 
9:00PM ET
 NFL 
Box Score
 -- 
2
 Saturday, August 19th 
@
Cincinnati WON(30-12) 
7:00PM ET
 None 
Box Score
 -- 
3
 Friday, August 25th 
@
Seattle LOST(13-26) 
8:00PM ET
 CBS 
Box Score
 -- 
4
 Thursday, August 31st 
vs.
Tennessee WON(6-30) 
8:30PM ET
 None 
Box Score
 -- 
^ Jump to top
