Tampa Bay Rays Schedule - MLB Baseball
Sports
NFL 
MLB 
NBA 
NHL 
NCAAF 
Olympics 
NCAAB 
Golf 
NASCAR 
UFC 
Fantasy 
MoreIndycar 
Golfweek 
Boxing 
Tennis 
High School 
Soccer 
MMA 
Motor Sports 
WNBA 
Horse Racing 
Cycling 
College 
NCAAW 
Video 
For The Win 
Golf
Main
Leaderboard
Schedule
Stats
Standings
PGA Tour
LPGA
More
Mlb
Main
Scores
Schedule
Standings
Statistics
Odds
Salaries
Teams
MoreRankings
Injuries
Transactions
Fantasy Baseball
Sagarin Ratings
BaseballHQ.com
TheBigLead.com
Nascar
Main
Results
Schedule
Standings
IndyCar
MoreSagarin Ratings
TheBigLead.com
Nba
Main
Scores
Schedule
Standings
Statistics
Odds
Teams
MoreRankings
Injuries
Transactions
Sagarin Ratings
NBA Packages
HoopsHype
TheBigLead.com
Ncaab
Main
Bracket Challenge
Scores
Schedule
Polls
MoreStandings
Odds
Teams
Injuries
Coaches Salaries
Sagarin Ratings
HoopsHype
TheBigLead.com
Ncaaf
Main
Fan Index
Scores
Polls
MoreOdds
Teams
Schedule
Standings
Statistics
Injuries
Transactions
Coaches Salaries
Sagarin Ratings
TheBigLead.com
Nfl
Main
Scores
Schedule
Standings
Statistics
Odds
Teams
MoreRankings
NFL Arrests
Injuries
Transactions
Fantasy Football
Sagarin Ratings
NFL Packages
TheHuddle.com
TheBigLead.com
Nhl
Main
Scores
Schedule
Standings
Statistics
Odds
Teams
MoreOdds
Rankings
Injuries
Transactions
Salaries
Sagarin Ratings
TheBigLead.com
Soccer
Main
ScoresMLS
ScheduleMLS
StandingsMLS
TeamsMLS
MLS Photo Store
MoreMLS Photo Store
Sagarin MLS Ratings
Wnba
Main
Scores
Schedule
Standings
Statistics
Odds
Teams
MoreOdds
Injuries
Main
Schedule
Statistics
Roster
MoreInjuries
Transactions
Salaries
PRESEASON
DATE
OPPONENT
TIME
TV
COVERAGE
 Friday, February 23rd 
vs.
Pittsburgh
1:05PM ET
 None 
 -- 
 Friday, February 23rd 
@
Baltimore
1:05PM ET
 None 
 -- 
 Saturday, February 24th 
@
Boston
1:05PM ET
 None 
 -- 
 Sunday, February 25th 
@
Minnesota
1:05PM ET
 None 
 -- 
 Monday, February 26th 
vs.
Toronto
1:05PM ET
 None 
 -- 
 Tuesday, February 27th 
vs.
Baltimore
1:05PM ET
 None 
 -- 
 Wednesday, February 28th 
@
Minnesota
1:05PM ET
 None 
 -- 
 Thursday, March 1st 
vs.
Baltimore
1:05PM ET
 None 
 -- 
 Friday, March 2nd 
vs.
Philadelphia
1:05PM ET
 None 
 -- 
 Saturday, March 3rd 
@
Detroit
1:05PM ET
 None 
 -- 
 Sunday, March 4th 
@
New York
1:05PM ET
 None 
 -- 
 Tuesday, March 6th 
vs.
Boston
1:05PM ET
 None 
 -- 
 Wednesday, March 7th 
vs.
Baltimore
1:05PM ET
 None 
 -- 
 Thursday, March 8th 
@
Boston
1:05PM ET
 None 
 -- 
 Friday, March 9th 
vs.
Minnesota
1:05PM ET
 None 
 -- 
 Saturday, March 10th 
@
Philadelphia
1:05PM ET
 None 
 -- 
 Sunday, March 11th 
vs.
Minnesota
1:05PM ET
 None 
 -- 
 Tuesday, March 13th 
@
Philadelphia
1:05PM ET
 None 
 -- 
 Wednesday, March 14th 
@
Pittsburgh
1:05PM ET
 None 
 -- 
 Thursday, March 15th 
vs.
Minnesota
1:05PM ET
 None 
 -- 
 Friday, March 16th 
@
Minnesota
1:05PM ET
 None 
 -- 
 Saturday, March 17th 
@
Boston
1:05PM ET
 None 
 -- 
 Sunday, March 18th 
vs.
Detroit
1:05PM ET
 None 
 -- 
 Monday, March 19th 
@
New York
6:35PM ET
 None 
 -- 
 Tuesday, March 20th 
@
Baltimore
6:05PM ET
 None 
 -- 
 Wednesday, March 21st 
vs.
Boston
1:05PM ET
 None 
 -- 
 Thursday, March 22nd 
@
Toronto
1:07PM ET
 None 
 -- 
 Friday, March 23rd 
@
Baltimore
1:05PM ET
 None 
 -- 
 Friday, March 23rd 
vs.
Toronto
1:05PM ET
 None 
 -- 
 Saturday, March 24th 
@
Pittsburgh
1:05PM ET
 None 
 -- 
 Sunday, March 25th 
vs.
New York
1:05PM ET
 None 
 -- 
 Monday, March 26th 
@
Detroit
1:05PM ET
 None 
 -- 
 Tuesday, March 27th 
vs.
Detroit
12:35PM ET
 None 
 -- 
REGULAR SEASON
DATE
OPPONENT
TIME
TV
COVERAGE
 Thursday, March 29th 
vs.
Boston
4:00PM ET
 None 
 -- 
 Friday, March 30th 
vs.
Boston
7:10PM ET
 None 
 -- 
 Saturday, March 31st 
vs.
Boston
6:10PM ET
 None 
 -- 
 Sunday, April 1st 
vs.
Boston
1:10PM ET
 None 
 -- 
 Monday, April 2nd 
@
New York
1:05PM ET
 None 
 -- 
 Wednesday, April 4th 
@
New York
1:05PM ET
 None 
 -- 
 Thursday, April 5th 
@
Boston
2:05PM ET
 None 
 -- 
 Saturday, April 7th 
@
Boston
1:05PM ET
 None 
 -- 
 Sunday, April 8th 
@
Boston
1:05PM ET
 None 
 -- 
 Monday, April 9th 
@
Chicago
8:10PM ET
 None 
 -- 
 Tuesday, April 10th 
@
Chicago
2:10PM ET
 None 
 -- 
 Wednesday, April 11th 
@
Chicago
2:10PM ET
 None 
 -- 
 Friday, April 13th 
vs.
Philadelphia
7:10PM ET
 None 
 -- 
 Saturday, April 14th 
vs.
Philadelphia
6:10PM ET
 None 
 -- 
 Sunday, April 15th 
vs.
Philadelphia
1:10PM ET
 None 
 -- 
 Monday, April 16th 
vs.
Texas
7:10PM ET
 None 
 -- 
 Tuesday, April 17th 
vs.
Texas
7:10PM ET
 None 
 -- 
 Wednesday, April 18th 
vs.
Texas
1:10PM ET
 None 
 -- 
 Friday, April 20th 
vs.
Minnesota
7:10PM ET
 None 
 -- 
 Saturday, April 21st 
vs.
Minnesota
6:10PM ET
 None 
 -- 
 Sunday, April 22nd 
vs.
Minnesota
1:10PM ET
 None 
 -- 
 Tuesday, April 24th 
@
Baltimore
7:05PM ET
 None 
 -- 
 Wednesday, April 25th 
@
Baltimore
7:05PM ET
 None 
 -- 
 Thursday, April 26th 
@
Baltimore
7:05PM ET
 None 
 -- 
 Friday, April 27th 
@
Boston
7:10PM ET
 None 
 -- 
 Saturday, April 28th 
@
Boston
4:05PM ET
 None 
 -- 
 Sunday, April 29th 
@
Boston
1:05PM ET
 None 
 -- 
 Monday, April 30th 
@
Detroit
7:10PM ET
 None 
 -- 
 Tuesday, May 1st 
@
Detroit
7:10PM ET
 None 
 -- 
 Wednesday, May 2nd 
@
Detroit
1:10PM ET
 None 
 -- 
 Friday, May 4th 
vs.
Toronto
7:10PM ET
 None 
 -- 
 Saturday, May 5th 
vs.
Toronto
6:10PM ET
 None 
 -- 
 Sunday, May 6th 
vs.
Toronto
1:10PM ET
 None 
 -- 
 Tuesday, May 8th 
vs.
Atlanta
7:10PM ET
 None 
 -- 
 Wednesday, May 9th 
vs.
Atlanta
7:10PM ET
 None 
 -- 
 Friday, May 11th 
@
Baltimore
7:05PM ET
 None 
 -- 
 Saturday, May 12th 
@
Baltimore
7:05PM ET
 None 
 -- 
 Sunday, May 13th 
@
Baltimore
1:05PM ET
 None 
 -- 
 Monday, May 14th 
@
Kansas City
7:05PM ET
 None 
 -- 
 Tuesday, May 15th 
@
Kansas City
8:15PM ET
 None 
 -- 
 Wednesday, May 16th 
@
Kansas City
2:15PM ET
 None 
 -- 
 Thursday, May 17th 
@
Los Angeles
10:07PM ET
 None 
 -- 
 Friday, May 18th 
@
Los Angeles
10:07PM ET
 None 
 -- 
 Saturday, May 19th 
@
Los Angeles
9:07PM ET
 None 
 -- 
 Sunday, May 20th 
@
Los Angeles
4:07PM ET
 None 
 -- 
 Tuesday, May 22nd 
vs.
Boston
7:10PM ET
 None 
 -- 
 Wednesday, May 23rd 
vs.
Boston
7:10PM ET
 None 
 -- 
 Thursday, May 24th 
vs.
Boston
7:10PM ET
 None 
 -- 
 Friday, May 25th 
vs.
Baltimore
7:10PM ET
 None 
 -- 
 Saturday, May 26th 
vs.
Baltimore
4:10PM ET
 None 
 -- 
 Sunday, May 27th 
vs.
Baltimore
1:10PM ET
 None 
 -- 
 Monday, May 28th 
@
Oakland
4:05PM ET
 None 
 -- 
 Tuesday, May 29th 
@
Oakland
10:05PM ET
 None 
 -- 
 Wednesday, May 30th 
@
Oakland
10:05PM ET
 None 
 -- 
 Thursday, May 31st 
@
Oakland
3:35PM ET
 None 
 -- 
 Friday, June 1st 
@
Seattle
10:10PM ET
 None 
 -- 
 Saturday, June 2nd 
@
Seattle
10:10PM ET
 None 
 -- 
 Sunday, June 3rd 
@
Seattle
4:10PM ET
 None 
 -- 
 Tuesday, June 5th 
@
Washington
7:05PM ET
 None 
 -- 
 Wednesday, June 6th 
@
Washington
1:05PM ET
 None 
 -- 
 Thursday, June 7th 
vs.
Seattle
7:10PM ET
 None 
 -- 
 Friday, June 8th 
vs.
Seattle
7:10PM ET
 None 
 -- 
 Saturday, June 9th 
vs.
Seattle
4:10PM ET
 None 
 -- 
 Sunday, June 10th 
vs.
Seattle
1:10PM ET
 None 
 -- 
 Monday, June 11th 
vs.
Toronto
7:10PM ET
 None 
 -- 
 Tuesday, June 12th 
vs.
Toronto
7:10PM ET
 None 
 -- 
 Wednesday, June 13th 
vs.
Toronto
1:10PM ET
 None 
 -- 
 Thursday, June 14th 
@
New York
7:05PM ET
 None 
 -- 
 Friday, June 15th 
@
New York
7:05PM ET
 None 
 -- 
 Saturday, June 16th 
@
New York
1:05PM ET
 None 
 -- 
 Sunday, June 17th 
@
New York
2:05PM ET
 None 
 -- 
 Monday, June 18th 
@
Houston
8:10PM ET
 None 
 -- 
 Tuesday, June 19th 
@
Houston
8:10PM ET
 None 
 -- 
 Wednesday, June 20th 
@
Houston
8:10PM ET
 None 
 -- 
 Friday, June 22nd 
vs.
New York
7:10PM ET
 None 
 -- 
 Saturday, June 23rd 
vs.
New York
4:10PM ET
 None 
 -- 
 Sunday, June 24th 
vs.
New York
1:10PM ET
 None 
 -- 
 Monday, June 25th 
vs.
Washington
7:10PM ET
 None 
 -- 
 Tuesday, June 26th 
vs.
Washington
12:10PM ET
 None 
 -- 
 Thursday, June 28th 
vs.
Houston
7:10PM ET
 None 
 -- 
 Friday, June 29th 
vs.
Houston
7:10PM ET
 None 
 -- 
 Saturday, June 30th 
vs.
Houston
4:10PM ET
 None 
 -- 
 Sunday, July 1st 
vs.
Houston
1:10PM ET
 None 
 -- 
 Monday, July 2nd 
@
Miami
7:10PM ET
 None 
 -- 
 Tuesday, July 3rd 
@
Miami
7:10PM ET
 None 
 -- 
 Wednesday, July 4th 
@
Miami
1:10PM ET
 None 
 -- 
 Friday, July 6th 
@
New York
7:10PM ET
 None 
 -- 
 Saturday, July 7th 
@
New York
4:10PM ET
 None 
 -- 
 Sunday, July 8th 
@
New York
1:10PM ET
 None 
 -- 
 Monday, July 9th 
vs.
Detroit
7:10PM ET
 None 
 -- 
 Tuesday, July 10th 
vs.
Detroit
7:10PM ET
 None 
 -- 
 Wednesday, July 11th 
vs.
Detroit
12:10PM ET
 None 
 -- 
 Thursday, July 12th 
@
Minnesota
8:10PM ET
 None 
 -- 
 Friday, July 13th 
@
Minnesota
8:10PM ET
 None 
 -- 
 Saturday, July 14th 
@
Minnesota
2:10PM ET
 None 
 -- 
 Sunday, July 15th 
@
Minnesota
2:10PM ET
 None 
 -- 
 Friday, July 20th 
vs.
Miami
7:10PM ET
 None 
 -- 
 Saturday, July 21st 
vs.
Miami
6:10PM ET
 None 
 -- 
 Sunday, July 22nd 
vs.
Miami
1:10PM ET
 None 
 -- 
 Monday, July 23rd 
vs.
New York
7:10PM ET
 None 
 -- 
 Tuesday, July 24th 
vs.
New York
7:10PM ET
 None 
 -- 
 Wednesday, July 25th 
vs.
New York
12:10PM ET
 None 
 -- 
 Thursday, July 26th 
@
Baltimore
7:05PM ET
 None 
 -- 
 Friday, July 27th 
@
Baltimore
7:05PM ET
 None 
 -- 
 Saturday, July 28th 
@
Baltimore
7:05PM ET
 None 
 -- 
 Sunday, July 29th 
@
Baltimore
1:05PM ET
 None 
 -- 
 Tuesday, July 31st 
vs.
Los Angeles
7:10PM ET
 None 
 -- 
 Wednesday, August 1st 
vs.
Los Angeles
7:10PM ET
 None 
 -- 
 Thursday, August 2nd 
vs.
Los Angeles
1:10PM ET
 None 
 -- 
 Friday, August 3rd 
vs.
Chicago
7:10PM ET
 None 
 -- 
 Saturday, August 4th 
vs.
Chicago
6:10PM ET
 None 
 -- 
 Sunday, August 5th 
vs.
Chicago
1:10PM ET
 None 
 -- 
 Tuesday, August 7th 
vs.
Baltimore
7:10PM ET
 None 
 -- 
 Wednesday, August 8th 
vs.
Baltimore
7:10PM ET
 None 
 -- 
 Thursday, August 9th 
vs.
Baltimore
7:10PM ET
 None 
 -- 
 Friday, August 10th 
@
Toronto
7:07PM ET
 None 
 -- 
 Saturday, August 11th 
@
Toronto
4:07PM ET
 None 
 -- 
 Sunday, August 12th 
@
Toronto
1:07PM ET
 None 
 -- 
 Tuesday, August 14th 
@
New York
7:05PM ET
 None 
 -- 
 Wednesday, August 15th 
@
New York
7:05PM ET
 None 
 -- 
 Thursday, August 16th 
@
New York
1:05PM ET
 None 
 -- 
 Friday, August 17th 
@
Boston
7:10PM ET
 None 
 -- 
 Saturday, August 18th 
@
Boston
7:10PM ET
 None 
 -- 
 Sunday, August 19th 
@
Boston
1:05PM ET
 None 
 -- 
 Monday, August 20th 
vs.
Kansas City
7:10PM ET
 None 
 -- 
 Tuesday, August 21st 
vs.
Kansas City
7:10PM ET
 None 
 -- 
 Wednesday, August 22nd 
vs.
Kansas City
7:10PM ET
 None 
 -- 
 Thursday, August 23rd 
vs.
Kansas City
7:10PM ET
 None 
 -- 
 Friday, August 24th 
vs.
Boston
7:10PM ET
 None 
 -- 
 Saturday, August 25th 
vs.
Boston
6:10PM ET
 None 
 -- 
 Sunday, August 26th 
vs.
Boston
1:10PM ET
 None 
 -- 
 Tuesday, August 28th 
@
Atlanta
7:35PM ET
 None 
 -- 
 Wednesday, August 29th 
@
Atlanta
7:35PM ET
 None 
 -- 
 Friday, August 31st 
@
Cleveland
7:10PM ET
 None 
 -- 
 Saturday, September 1st 
@
Cleveland
7:10PM ET
 None 
 -- 
 Sunday, September 2nd 
@
Cleveland
4:10PM ET
 None 
 -- 
 Monday, September 3rd 
@
Toronto
7:07PM ET
 None 
 -- 
 Tuesday, September 4th 
@
Toronto
7:07PM ET
 None 
 -- 
 Wednesday, September 5th 
@
Toronto
7:07PM ET
 None 
 -- 
 Friday, September 7th 
vs.
Baltimore
7:10PM ET
 None 
 -- 
 Saturday, September 8th 
vs.
Baltimore
6:10PM ET
 None 
 -- 
 Sunday, September 9th 
vs.
Baltimore
1:10PM ET
 None 
 -- 
 Monday, September 10th 
vs.
Cleveland
7:10PM ET
 None 
 -- 
 Tuesday, September 11th 
vs.
Cleveland
7:10PM ET
 None 
 -- 
 Wednesday, September 12th 
vs.
Cleveland
1:10PM ET
 None 
 -- 
 Friday, September 14th 
vs.
Oakland
7:10PM ET
 None 
 -- 
 Saturday, September 15th 
vs.
Oakland
6:10PM ET
 None 
 -- 
 Sunday, September 16th 
vs.
Oakland
1:10PM ET
 None 
 -- 
 Monday, September 17th 
@
Texas
8:05PM ET
 None 
 -- 
 Tuesday, September 18th 
@
Texas
8:05PM ET
 None 
 -- 
 Wednesday, September 19th 
@
Texas
2:05PM ET
 None 
 -- 
 Thursday, September 20th 
@
Toronto
7:07PM ET
 None 
 -- 
 Friday, September 21st 
@
Toronto
7:07PM ET
 None 
 -- 
 Saturday, September 22nd 
@
Toronto
4:07PM ET
 None 
 -- 
 Sunday, September 23rd 
@
Toronto
1:07PM ET
 None 
 -- 
 Monday, September 24th 
vs.
New York
7:10PM ET
 None 
 -- 
 Tuesday, September 25th 
vs.
New York
7:10PM ET
 None 
 -- 
 Wednesday, September 26th 
vs.
New York
7:10PM ET
 None 
 -- 
 Thursday, September 27th 
vs.
New York
1:10PM ET
 None 
 -- 
 Friday, September 28th 
vs.
Toronto
7:10PM ET
 None 
 -- 
 Saturday, September 29th 
vs.
Toronto
6:10PM ET
 None 
 -- 
 Sunday, September 30th 
vs.
Toronto
3:10PM ET
 None 
 -- 
^ Jump to top
