Colorado Rockies Schedule - MLB Baseball
Sports
NFL 
MLB 
NBA 
NHL 
NCAAF 
Olympics 
NCAAB 
Golf 
NASCAR 
UFC 
Fantasy 
MoreIndycar 
Golfweek 
Boxing 
Tennis 
High School 
Soccer 
MMA 
Motor Sports 
WNBA 
Horse Racing 
Cycling 
College 
NCAAW 
Video 
For The Win 
Golf
Main
Leaderboard
Schedule
Stats
Standings
PGA Tour
LPGA
More
Mlb
Main
Scores
Schedule
Standings
Statistics
Odds
Salaries
Teams
MoreRankings
Injuries
Transactions
Fantasy Baseball
Sagarin Ratings
BaseballHQ.com
TheBigLead.com
Nascar
Main
Results
Schedule
Standings
IndyCar
MoreSagarin Ratings
TheBigLead.com
Nba
Main
Scores
Schedule
Standings
Statistics
Odds
Teams
MoreRankings
Injuries
Transactions
Sagarin Ratings
NBA Packages
HoopsHype
TheBigLead.com
Ncaab
Main
Bracket Challenge
Scores
Schedule
Polls
MoreStandings
Odds
Teams
Injuries
Coaches Salaries
Sagarin Ratings
HoopsHype
TheBigLead.com
Ncaaf
Main
Fan Index
Scores
Polls
MoreOdds
Teams
Schedule
Standings
Statistics
Injuries
Transactions
Coaches Salaries
Sagarin Ratings
TheBigLead.com
Nfl
Main
Scores
Schedule
Standings
Statistics
Odds
Teams
MoreRankings
NFL Arrests
Injuries
Transactions
Fantasy Football
Sagarin Ratings
NFL Packages
TheHuddle.com
TheBigLead.com
Nhl
Main
Scores
Schedule
Standings
Statistics
Odds
Teams
MoreOdds
Rankings
Injuries
Transactions
Salaries
Sagarin Ratings
TheBigLead.com
Soccer
Main
ScoresMLS
ScheduleMLS
StandingsMLS
TeamsMLS
MLS Photo Store
MoreMLS Photo Store
Sagarin MLS Ratings
Wnba
Main
Scores
Schedule
Standings
Statistics
Odds
Teams
MoreOdds
Injuries
Main
Schedule
Statistics
Roster
MoreInjuries
Transactions
Salaries
PRESEASON
DATE
OPPONENT
TIME
TV
COVERAGE
 Friday, February 23rd 
vs.
Arizona
3:10PM ET
 None 
 -- 
 Saturday, February 24th 
@
Cincinnati
3:05PM ET
 None 
 -- 
 Sunday, February 25th 
@
Texas
3:05PM ET
 None 
 -- 
 Monday, February 26th 
@
Arizona
3:10PM ET
 None 
 -- 
 Tuesday, February 27th 
vs.
Los Angeles
3:10PM ET
 None 
 -- 
 Wednesday, February 28th 
@
Arizona
3:10PM ET
 None 
 -- 
 Thursday, March 1st 
@
Chicago
3:05PM ET
 None 
 -- 
 Friday, March 2nd 
vs.
Arizona
3:10PM ET
 None 
 -- 
 Saturday, March 3rd 
vs.
Milwaukee
3:10PM ET
 None 
 -- 
 Sunday, March 4th 
@
Los Angeles
3:10PM ET
 None 
 -- 
 Monday, March 5th 
vs.
Chicago
3:10PM ET
 None 
 -- 
 Tuesday, March 6th 
@
Seattle
8:40PM ET
 None 
 -- 
 Wednesday, March 7th 
vs.
Texas
3:10PM ET
 None 
 -- 
 Thursday, March 8th 
vs.
Cincinnati
3:10PM ET
 None 
 -- 
 Friday, March 9th 
vs.
Cleveland
3:10PM ET
 None 
 -- 
 Saturday, March 10th 
@
Milwaukee
3:05PM ET
 None 
 -- 
 Sunday, March 11th 
vs.
Los Angeles
4:10PM ET
 None 
 -- 
 Monday, March 12th 
@
Arizona
4:10PM ET
 None 
 -- 
 Tuesday, March 13th 
vs.
Seattle
4:10PM ET
 None 
 -- 
 Wednesday, March 14th 
@
Los Angeles
10:05PM ET
 None 
 -- 
 Thursday, March 15th 
vs.
Los Angeles
4:10PM ET
 None 
 -- 
 Friday, March 16th 
@
Los Angeles
4:10PM ET
 None 
 -- 
 Saturday, March 17th 
@
Milwaukee
4:05PM ET
 None 
 -- 
 Sunday, March 18th 
vs.
San Francisco
4:10PM ET
 None 
 -- 
 Monday, March 19th 
@
Texas
9:05PM ET
 None 
 -- 
 Tuesday, March 20th 
vs.
Milwaukee
4:10PM ET
 None 
 -- 
 Thursday, March 22nd 
@
Oakland
4:05PM ET
 None 
 -- 
 Friday, March 23rd 
vs.
Cincinnati
4:10PM ET
 None 
 -- 
 Saturday, March 24th 
@
Chicago
10:05PM ET
 None 
 -- 
 Sunday, March 25th 
vs.
Arizona
4:10PM ET
 None 
 -- 
 Tuesday, March 27th 
vs.
Seattle
4:10PM ET
 None 
 -- 
REGULAR SEASON
DATE
OPPONENT
TIME
TV
COVERAGE
 Thursday, March 29th 
@
Arizona
10:10PM ET
 None 
 -- 
 Friday, March 30th 
@
Arizona
9:40PM ET
 None 
 -- 
 Saturday, March 31st 
@
Arizona
8:10PM ET
 None 
 -- 
 Monday, April 2nd 
@
San Diego
10:10PM ET
 None 
 -- 
 Tuesday, April 3rd 
@
San Diego
10:10PM ET
 None 
 -- 
 Wednesday, April 4th 
@
San Diego
10:10PM ET
 None 
 -- 
 Thursday, April 5th 
@
San Diego
3:40PM ET
 None 
 -- 
 Friday, April 6th 
vs.
Atlanta
4:10PM ET
 None 
 -- 
 Saturday, April 7th 
vs.
Atlanta
8:10PM ET
 None 
 -- 
 Sunday, April 8th 
vs.
Atlanta
3:10PM ET
 None 
 -- 
 Monday, April 9th 
vs.
San Diego
8:40PM ET
 None 
 -- 
 Tuesday, April 10th 
vs.
San Diego
8:40PM ET
 None 
 -- 
 Wednesday, April 11th 
vs.
San Diego
3:10PM ET
 None 
 -- 
 Thursday, April 12th 
@
Washington
7:05PM ET
 None 
 -- 
 Friday, April 13th 
@
Washington
7:05PM ET
 None 
 -- 
 Saturday, April 14th 
@
Washington
1:05PM ET
 None 
 -- 
 Sunday, April 15th 
@
Washington
1:35PM ET
 None 
 -- 
 Monday, April 16th 
@
Pittsburgh
7:05PM ET
 None 
 -- 
 Tuesday, April 17th 
@
Pittsburgh
7:05PM ET
 None 
 -- 
 Wednesday, April 18th 
@
Pittsburgh
12:35PM ET
 None 
 -- 
 Friday, April 20th 
vs.
Chicago
8:40PM ET
 None 
 -- 
 Saturday, April 21st 
vs.
Chicago
8:10PM ET
 None 
 -- 
 Sunday, April 22nd 
vs.
Chicago
3:10PM ET
 None 
 -- 
 Monday, April 23rd 
vs.
San Diego
8:40PM ET
 None 
 -- 
 Tuesday, April 24th 
vs.
San Diego
8:40PM ET
 None 
 -- 
 Wednesday, April 25th 
vs.
San Diego
3:10PM ET
 None 
 -- 
 Friday, April 27th 
@
Miami
7:10PM ET
 None 
 -- 
 Saturday, April 28th 
@
Miami
7:10PM ET
 None 
 -- 
 Sunday, April 29th 
@
Miami
1:10PM ET
 None 
 -- 
 Monday, April 30th 
@
Chicago
8:05PM ET
 None 
 -- 
 Tuesday, May 1st 
@
Chicago
8:05PM ET
 None 
 -- 
 Wednesday, May 2nd 
@
Chicago
2:20PM ET
 None 
 -- 
 Friday, May 4th 
@
New York
7:10PM ET
 None 
 -- 
 Saturday, May 5th 
@
New York
7:10PM ET
 None 
 -- 
 Sunday, May 6th 
@
New York
1:10PM ET
 None 
 -- 
 Tuesday, May 8th 
vs.
Los Angeles
8:40PM ET
 None 
 -- 
 Wednesday, May 9th 
vs.
Los Angeles
3:10PM ET
 None 
 -- 
 Thursday, May 10th 
vs.
Milwaukee
8:40PM ET
 None 
 -- 
 Friday, May 11th 
vs.
Milwaukee
8:40PM ET
 None 
 -- 
 Saturday, May 12th 
vs.
Milwaukee
8:10PM ET
 None 
 -- 
 Sunday, May 13th 
vs.
Milwaukee
3:10PM ET
 None 
 -- 
 Monday, May 14th 
@
San Diego
10:10PM ET
 None 
 -- 
 Tuesday, May 15th 
@
San Diego
3:40PM ET
 None 
 -- 
 Thursday, May 17th 
@
San Francisco
10:15PM ET
 None 
 -- 
 Friday, May 18th 
@
San Francisco
10:15PM ET
 None 
 -- 
 Saturday, May 19th 
@
San Francisco
4:05PM ET
 None 
 -- 
 Sunday, May 20th 
@
San Francisco
4:05PM ET
 None 
 -- 
 Monday, May 21st 
@
Los Angeles
10:10PM ET
 None 
 -- 
 Tuesday, May 22nd 
@
Los Angeles
10:10PM ET
 None 
 -- 
 Wednesday, May 23rd 
@
Los Angeles
10:10PM ET
 None 
 -- 
 Friday, May 25th 
vs.
Cincinnati
8:40PM ET
 None 
 -- 
 Saturday, May 26th 
vs.
Cincinnati
9:10PM ET
 None 
 -- 
 Sunday, May 27th 
vs.
Cincinnati
3:10PM ET
 None 
 -- 
 Monday, May 28th 
vs.
San Francisco
7:10PM ET
 None 
 -- 
 Tuesday, May 29th 
vs.
San Francisco
8:40PM ET
 None 
 -- 
 Wednesday, May 30th 
vs.
San Francisco
8:40PM ET
 None 
 -- 
 Friday, June 1st 
vs.
Los Angeles
8:40PM ET
 None 
 -- 
 Saturday, June 2nd 
vs.
Los Angeles
7:15PM ET
 None 
 -- 
 Sunday, June 3rd 
vs.
Los Angeles
3:10PM ET
 None 
 -- 
 Tuesday, June 5th 
@
Cincinnati
7:10PM ET
 None 
 -- 
 Wednesday, June 6th 
@
Cincinnati
7:10PM ET
 None 
 -- 
 Thursday, June 7th 
@
Cincinnati
12:35PM ET
 None 
 -- 
 Friday, June 8th 
vs.
Arizona
8:40PM ET
 None 
 -- 
 Saturday, June 9th 
vs.
Arizona
7:15PM ET
 None 
 -- 
 Sunday, June 10th 
vs.
Arizona
3:10PM ET
 None 
 -- 
 Tuesday, June 12th 
@
Philadelphia
7:05PM ET
 None 
 -- 
 Wednesday, June 13th 
@
Philadelphia
7:05PM ET
 None 
 -- 
 Thursday, June 14th 
@
Philadelphia
1:05PM ET
 None 
 -- 
 Friday, June 15th 
@
Texas
8:05PM ET
 None 
 -- 
 Saturday, June 16th 
@
Texas
4:05PM ET
 None 
 -- 
 Sunday, June 17th 
@
Texas
3:05PM ET
 None 
 -- 
 Monday, June 18th 
vs.
New York
8:40PM ET
 None 
 -- 
 Tuesday, June 19th 
vs.
New York
8:40PM ET
 None 
 -- 
 Wednesday, June 20th 
vs.
New York
8:40PM ET
 None 
 -- 
 Thursday, June 21st 
vs.
New York
3:10PM ET
 None 
 -- 
 Friday, June 22nd 
vs.
Miami
8:40PM ET
 None 
 -- 
 Saturday, June 23rd 
vs.
Miami
3:10PM ET
 None 
 -- 
 Sunday, June 24th 
vs.
Miami
3:10PM ET
 None 
 -- 
 Tuesday, June 26th 
@
San Francisco
10:15PM ET
 None 
 -- 
 Wednesday, June 27th 
@
San Francisco
10:15PM ET
 None 
 -- 
 Thursday, June 28th 
@
San Francisco
3:45PM ET
 None 
 -- 
 Friday, June 29th 
@
Los Angeles
10:10PM ET
 None 
 -- 
 Saturday, June 30th 
@
Los Angeles
7:15PM ET
 None 
 -- 
 Sunday, July 1st 
@
Los Angeles
4:10PM ET
 None 
 -- 
 Monday, July 2nd 
vs.
San Francisco
8:40PM ET
 None 
 -- 
 Tuesday, July 3rd 
vs.
San Francisco
8:10PM ET
 None 
 -- 
 Wednesday, July 4th 
vs.
San Francisco
8:10PM ET
 None 
 -- 
 Friday, July 6th 
@
Seattle
10:10PM ET
 None 
 -- 
 Saturday, July 7th 
@
Seattle
4:10PM ET
 None 
 -- 
 Sunday, July 8th 
@
Seattle
4:10PM ET
 None 
 -- 
 Tuesday, July 10th 
vs.
Arizona
8:40PM ET
 None 
 -- 
 Wednesday, July 11th 
vs.
Arizona
8:40PM ET
 None 
 -- 
 Thursday, July 12th 
vs.
Arizona
3:10PM ET
 None 
 -- 
 Friday, July 13th 
vs.
Seattle
8:40PM ET
 None 
 -- 
 Saturday, July 14th 
vs.
Seattle
9:10PM ET
 None 
 -- 
 Sunday, July 15th 
vs.
Seattle
3:10PM ET
 None 
 -- 
 Friday, July 20th 
@
Arizona
9:40PM ET
 None 
 -- 
 Saturday, July 21st 
@
Arizona
8:10PM ET
 None 
 -- 
 Sunday, July 22nd 
@
Arizona
4:10PM ET
 None 
 -- 
 Tuesday, July 24th 
vs.
Houston
8:40PM ET
 None 
 -- 
 Wednesday, July 25th 
vs.
Houston
8:40PM ET
 None 
 -- 
 Friday, July 27th 
vs.
Oakland
8:40PM ET
 None 
 -- 
 Saturday, July 28th 
vs.
Oakland
8:10PM ET
 None 
 -- 
 Sunday, July 29th 
vs.
Oakland
3:10PM ET
 None 
 -- 
 Monday, July 30th 
@
St. Louis
8:10PM ET
 None 
 -- 
 Tuesday, July 31st 
@
St. Louis
8:15PM ET
 None 
 -- 
 Wednesday, August 1st 
@
St. Louis
8:15PM ET
 None 
 -- 
 Thursday, August 2nd 
@
St. Louis
1:15PM ET
 None 
 -- 
 Friday, August 3rd 
@
Milwaukee
8:10PM ET
 None 
 -- 
 Saturday, August 4th 
@
Milwaukee
7:10PM ET
 None 
 -- 
 Sunday, August 5th 
@
Milwaukee
2:10PM ET
 None 
 -- 
 Monday, August 6th 
vs.
Pittsburgh
8:40PM ET
 None 
 -- 
 Tuesday, August 7th 
vs.
Pittsburgh
8:40PM ET
 None 
 -- 
 Wednesday, August 8th 
vs.
Pittsburgh
3:10PM ET
 None 
 -- 
 Thursday, August 9th 
vs.
Los Angeles
8:40PM ET
 None 
 -- 
 Friday, August 10th 
vs.
Los Angeles
8:40PM ET
 None 
 -- 
 Saturday, August 11th 
vs.
Los Angeles
8:10PM ET
 None 
 -- 
 Sunday, August 12th 
vs.
Los Angeles
3:10PM ET
 None 
 -- 
 Tuesday, August 14th 
@
Houston
8:10PM ET
 None 
 -- 
 Wednesday, August 15th 
@
Houston
8:10PM ET
 None 
 -- 
 Thursday, August 16th 
@
Atlanta
7:35PM ET
 None 
 -- 
 Friday, August 17th 
@
Atlanta
7:35PM ET
 None 
 -- 
 Saturday, August 18th 
@
Atlanta
7:10PM ET
 None 
 -- 
 Sunday, August 19th 
@
Atlanta
1:35PM ET
 None 
 -- 
 Tuesday, August 21st 
vs.
San Diego
8:40PM ET
 None 
 -- 
 Wednesday, August 22nd 
vs.
San Diego
8:40PM ET
 None 
 -- 
 Thursday, August 23rd 
vs.
San Diego
3:10PM ET
 None 
 -- 
 Friday, August 24th 
vs.
St. Louis
8:40PM ET
 None 
 -- 
 Saturday, August 25th 
vs.
St. Louis
8:10PM ET
 None 
 -- 
 Sunday, August 26th 
vs.
St. Louis
3:10PM ET
 None 
 -- 
 Monday, August 27th 
@
Los Angeles
10:07PM ET
 None 
 -- 
 Tuesday, August 28th 
@
Los Angeles
10:07PM ET
 None 
 -- 
 Thursday, August 30th 
@
San Diego
10:10PM ET
 None 
 -- 
 Friday, August 31st 
@
San Diego
10:10PM ET
 None 
 -- 
 Saturday, September 1st 
@
San Diego
8:40PM ET
 None 
 -- 
 Sunday, September 2nd 
@
San Diego
4:10PM ET
 None 
 -- 
 Monday, September 3rd 
vs.
San Francisco
3:10PM ET
 None 
 -- 
 Tuesday, September 4th 
vs.
San Francisco
8:40PM ET
 None 
 -- 
 Wednesday, September 5th 
vs.
San Francisco
8:40PM ET
 None 
 -- 
 Friday, September 7th 
vs.
Los Angeles
8:40PM ET
 None 
 -- 
 Saturday, September 8th 
vs.
Los Angeles
8:10PM ET
 None 
 -- 
 Sunday, September 9th 
vs.
Los Angeles
3:10PM ET
 None 
 -- 
 Monday, September 10th 
vs.
Arizona
8:40PM ET
 None 
 -- 
 Tuesday, September 11th 
vs.
Arizona
8:40PM ET
 None 
 -- 
 Wednesday, September 12th 
vs.
Arizona
8:40PM ET
 None 
 -- 
 Thursday, September 13th 
vs.
Arizona
3:10PM ET
 None 
 -- 
 Friday, September 14th 
@
San Francisco
10:15PM ET
 None 
 -- 
 Saturday, September 15th 
@
San Francisco
9:05PM ET
 None 
 -- 
 Sunday, September 16th 
@
San Francisco
4:05PM ET
 None 
 -- 
 Monday, September 17th 
@
Los Angeles
10:10PM ET
 None 
 -- 
 Tuesday, September 18th 
@
Los Angeles
10:10PM ET
 None 
 -- 
 Wednesday, September 19th 
@
Los Angeles
10:10PM ET
 None 
 -- 
 Friday, September 21st 
@
Arizona
9:40PM ET
 None 
 -- 
 Saturday, September 22nd 
@
Arizona
8:10PM ET
 None 
 -- 
 Sunday, September 23rd 
@
Arizona
4:10PM ET
 None 
 -- 
 Monday, September 24th 
vs.
Philadelphia
8:40PM ET
 None 
 -- 
 Tuesday, September 25th 
vs.
Philadelphia
8:40PM ET
 None 
 -- 
 Wednesday, September 26th 
vs.
Philadelphia
8:40PM ET
 None 
 -- 
 Thursday, September 27th 
vs.
Philadelphia
3:10PM ET
 None 
 -- 
 Friday, September 28th 
vs.
Washington
8:10PM ET
 None 
 -- 
 Saturday, September 29th 
vs.
Washington
8:10PM ET
 None 
 -- 
 Sunday, September 30th 
vs.
Washington
3:10PM ET
 None 
 -- 
^ Jump to top
