Penn State Nittany Lions Schedule - NCAAF Football
Sports
NFL 
MLB 
NBA 
NHL 
NCAAF 
Olympics 
NCAAB 
Golf 
NASCAR 
UFC 
Fantasy 
MoreIndycar 
Golfweek 
Boxing 
Tennis 
High School 
Soccer 
MMA 
Motor Sports 
WNBA 
Horse Racing 
Cycling 
College 
NCAAW 
Video 
For The Win 
Golf
Main
Leaderboard
Schedule
Stats
Standings
PGA Tour
LPGA
More
Mlb
Main
Scores
Schedule
Standings
Statistics
Odds
Salaries
Teams
MoreRankings
Injuries
Transactions
Fantasy Baseball
Sagarin Ratings
BaseballHQ.com
TheBigLead.com
Nascar
Main
Results
Schedule
Standings
IndyCar
MoreSagarin Ratings
TheBigLead.com
Nba
Main
Scores
Schedule
Standings
Statistics
Odds
Teams
MoreRankings
Injuries
Transactions
Sagarin Ratings
NBA Packages
HoopsHype
TheBigLead.com
Ncaab
Main
Bracket Challenge
Scores
Schedule
Polls
MoreStandings
Odds
Teams
Injuries
Coaches Salaries
Sagarin Ratings
HoopsHype
TheBigLead.com
Ncaaf
Main
Fan Index
Scores
Polls
MoreOdds
Teams
Schedule
Standings
Statistics
Injuries
Transactions
Coaches Salaries
Sagarin Ratings
TheBigLead.com
Nfl
Main
Scores
Schedule
Standings
Statistics
Odds
Teams
MoreRankings
NFL Arrests
Injuries
Transactions
Fantasy Football
Sagarin Ratings
NFL Packages
TheHuddle.com
TheBigLead.com
Nhl
Main
Scores
Schedule
Standings
Statistics
Odds
Teams
MoreOdds
Rankings
Injuries
Transactions
Salaries
Sagarin Ratings
TheBigLead.com
Soccer
Main
ScoresMLS
ScheduleMLS
StandingsMLS
TeamsMLS
MLS Photo Store
MoreMLS Photo Store
Sagarin MLS Ratings
Wnba
Main
Scores
Schedule
Standings
Statistics
Odds
Teams
MoreOdds
Injuries
Main
Schedule
Statistics
Roster
MoreInjuries
POSTSEASON
ROUND
DATE
OPPONENT
TIME
TV
COVERAGE
bowls
 Saturday, December 30th 
vs.
Washington WON(28-35) 
4:00PM ET
 ESPN 
Box Score
 -- 
REGULAR SEASON
WEEK
DATE
OPPONENT
TIME
TV
COVERAGE
1
 Saturday, September 2nd 
vs.
Akron WON(0-52) 
12:00PM ET
 ABC 
Box Score
 -- 
2
 Saturday, September 9th 
vs.
Pittsburgh WON(14-33) 
3:30PM ET
 ABC 
Box Score
 -- 
3
 Saturday, September 16th 
vs.
Georgia State WON(0-56) 
7:30PM ET
 BTN 
Box Score
 -- 
4
 Saturday, September 23rd 
@
Iowa WON(21-19) 
7:30PM ET
 ABC 
Box Score
 -- 
5
 Saturday, September 30th 
vs.
Indiana WON(14-45) 
3:30PM ET
 BTN 
Box Score
 -- 
6
 Saturday, October 7th 
@
Northwestern WON(31-7) 
12:00PM ET
 ABC 
Box Score
 -- 
8
 Saturday, October 21st 
vs.
Michigan WON(13-42) 
7:30PM ET
 ABC 
Box Score
 -- 
9
 Saturday, October 28th 
@
Ohio State LOST(38-39) 
3:30PM ET
 FOX 
Box Score
 -- 
10
 Saturday, November 4th 
@
Michigan State LOST(24-27) 
12:00PM ET
 FOX 
Box Score
 -- 
11
 Saturday, November 11th 
vs.
Rutgers WON(6-35) 
12:00PM ET
 BTN 
Box Score
 -- 
12
 Saturday, November 18th 
vs.
Nebraska WON(44-56) 
4:00PM ET
 FS1 
Box Score
 -- 
13
 Saturday, November 25th 
@
Maryland WON(66-3) 
3:30PM ET
 BTN 
Box Score
 -- 
^ Jump to top
