Indianapolis Colts Schedule - NFL Football
Sports
NFL 
MLB 
NBA 
NHL 
NCAAF 
Olympics 
NCAAB 
Golf 
NASCAR 
UFC 
Fantasy 
MoreIndycar 
Golfweek 
Boxing 
Tennis 
High School 
Soccer 
MMA 
Motor Sports 
WNBA 
Horse Racing 
Cycling 
College 
NCAAW 
Video 
For The Win 
Golf
Main
Leaderboard
Schedule
Stats
Standings
PGA Tour
LPGA
More
Mlb
Main
Scores
Schedule
Standings
Statistics
Odds
Salaries
Teams
MoreRankings
Injuries
Transactions
Fantasy Baseball
Sagarin Ratings
BaseballHQ.com
TheBigLead.com
Nascar
Main
Results
Schedule
Standings
IndyCar
MoreSagarin Ratings
TheBigLead.com
Nba
Main
Scores
Schedule
Standings
Statistics
Odds
Teams
MoreRankings
Injuries
Transactions
Sagarin Ratings
NBA Packages
HoopsHype
TheBigLead.com
Ncaab
Main
Bracket Challenge
Scores
Schedule
Polls
MoreStandings
Odds
Teams
Injuries
Coaches Salaries
Sagarin Ratings
HoopsHype
TheBigLead.com
Ncaaf
Main
Fan Index
Scores
Polls
MoreOdds
Teams
Schedule
Standings
Statistics
Injuries
Transactions
Coaches Salaries
Sagarin Ratings
TheBigLead.com
Nfl
Main
Scores
Schedule
Standings
Statistics
Odds
Teams
MoreRankings
NFL Arrests
Injuries
Transactions
Fantasy Football
Sagarin Ratings
NFL Packages
TheHuddle.com
TheBigLead.com
Nhl
Main
Scores
Schedule
Standings
Statistics
Odds
Teams
MoreOdds
Rankings
Injuries
Transactions
Salaries
Sagarin Ratings
TheBigLead.com
Soccer
Main
ScoresMLS
ScheduleMLS
StandingsMLS
TeamsMLS
MLS Photo Store
MoreMLS Photo Store
Sagarin MLS Ratings
Wnba
Main
Scores
Schedule
Standings
Statistics
Odds
Teams
MoreOdds
Injuries
Main
Schedule
Statistics
Roster
MoreInjuries
Transactions
REGULAR SEASON
WEEK
DATE
OPPONENT
TIME
TV
COVERAGE
1
 Sunday, September 10th 
@
Los Angeles LOST(9-46) 
4:05PM ET
 CBS 
Box Score
 -- 
2
 Sunday, September 17th 
vs.
Arizona LOST(16-13) 
1:00PM ET
 FOX 
Box Score
 -- 
3
 Sunday, September 24th 
vs.
Cleveland WON(28-31) 
1:00PM ET
 CBS 
Box Score
 -- 
4
 Sunday, October 1st 
@
Seattle LOST(18-46) 
8:30PM ET
 NBC 
Box Score
 -- 
5
 Sunday, October 8th 
vs.
San Francisco WON(23-26) 
1:00PM ET
 FOX 
Box Score
 -- 
6
 Monday, October 16th 
@
Tennessee LOST(22-36) 
8:30PM ET
 ESPN 
Box Score
 -- 
7
 Sunday, October 22nd 
vs.
Jacksonville LOST(27-0) 
1:00PM ET
 CBS 
Box Score
 -- 
8
 Sunday, October 29th 
@
Cincinnati LOST(23-24) 
1:00PM ET
 CBS 
Box Score
 -- 
9
 Sunday, November 5th 
@
Houston WON(20-14) 
1:00PM ET
 CBS 
Box Score
 -- 
10
 Sunday, November 12th 
vs.
Pittsburgh LOST(20-17) 
1:00PM ET
 CBS 
Box Score
 -- 
11
BYE
12
 Sunday, November 26th 
vs.
Tennessee LOST(20-16) 
1:00PM ET
 FOX 
Box Score
 -- 
13
 Sunday, December 3rd 
@
Jacksonville LOST(10-30) 
1:00PM ET
 CBS 
Box Score
 -- 
14
 Sunday, December 10th 
@
Buffalo LOST(7-13) 
1:00PM ET
 CBS 
Box Score
 -- 
15
 Thursday, December 14th 
vs.
Denver LOST(25-13) 
8:25PM ET
 NFL, NBC 
Box Score
 -- 
16
 Saturday, December 23rd 
@
Baltimore LOST(16-23) 
4:30PM ET
 NFL 
Box Score
 -- 
17
 Sunday, December 31st 
vs.
Houston WON(13-22) 
1:00PM ET
 CBS 
Box Score
 -- 
PRESEASON
WEEK
DATE
OPPONENT
TIME
TV
COVERAGE
1
 Sunday, August 13th 
vs.
Detroit LOST(24-10) 
1:30PM ET
 NFL 
Box Score
 -- 
2
 Saturday, August 19th 
@
Dallas LOST(19-24) 
7:00PM ET
 NFL 
Box Score
 -- 
3
 Saturday, August 26th 
@
Pittsburgh WON(19-15) 
7:30PM ET
 None 
Box Score
 -- 
4
 Thursday, August 31st 
vs.
Cincinnati WON(6-7) 
7:00PM ET
 None 
Box Score
 -- 
^ Jump to top
