Cleveland Indians Schedule - MLB Baseball
Sports
NFL 
MLB 
NBA 
NHL 
NCAAF 
Olympics 
NCAAB 
Golf 
NASCAR 
UFC 
Fantasy 
MoreIndycar 
Golfweek 
Boxing 
Tennis 
High School 
Soccer 
MMA 
Motor Sports 
WNBA 
Horse Racing 
Cycling 
College 
NCAAW 
Video 
For The Win 
Golf
Main
Leaderboard
Schedule
Stats
Standings
PGA Tour
LPGA
More
Mlb
Main
Scores
Schedule
Standings
Statistics
Odds
Salaries
Teams
MoreRankings
Injuries
Transactions
Fantasy Baseball
Sagarin Ratings
BaseballHQ.com
TheBigLead.com
Nascar
Main
Results
Schedule
Standings
IndyCar
MoreSagarin Ratings
TheBigLead.com
Nba
Main
Scores
Schedule
Standings
Statistics
Odds
Teams
MoreRankings
Injuries
Transactions
Sagarin Ratings
NBA Packages
HoopsHype
TheBigLead.com
Ncaab
Main
Bracket Challenge
Scores
Schedule
Polls
MoreStandings
Odds
Teams
Injuries
Coaches Salaries
Sagarin Ratings
HoopsHype
TheBigLead.com
Ncaaf
Main
Fan Index
Scores
Polls
MoreOdds
Teams
Schedule
Standings
Statistics
Injuries
Transactions
Coaches Salaries
Sagarin Ratings
TheBigLead.com
Nfl
Main
Scores
Schedule
Standings
Statistics
Odds
Teams
MoreRankings
NFL Arrests
Injuries
Transactions
Fantasy Football
Sagarin Ratings
NFL Packages
TheHuddle.com
TheBigLead.com
Nhl
Main
Scores
Schedule
Standings
Statistics
Odds
Teams
MoreOdds
Rankings
Injuries
Transactions
Salaries
Sagarin Ratings
TheBigLead.com
Soccer
Main
ScoresMLS
ScheduleMLS
StandingsMLS
TeamsMLS
MLS Photo Store
MoreMLS Photo Store
Sagarin MLS Ratings
Wnba
Main
Scores
Schedule
Standings
Statistics
Odds
Teams
MoreOdds
Injuries
Main
Schedule
Statistics
Roster
MoreInjuries
Transactions
Salaries
PRESEASON
DATE
OPPONENT
TIME
TV
COVERAGE
 Friday, February 23rd 
vs.
Cincinnati
3:05PM ET
 None 
 -- 
 Saturday, February 24th 
@
Arizona
3:10PM ET
 None 
 -- 
 Sunday, February 25th 
@
Cincinnati
3:05PM ET
 None 
 -- 
 Monday, February 26th 
@
Milwaukee
3:05PM ET
 None 
 -- 
 Tuesday, February 27th 
vs.
Oakland
3:05PM ET
 None 
 -- 
 Wednesday, February 28th 
vs.
Seattle
3:05PM ET
 None 
 -- 
 Wednesday, February 28th 
@
Los Angeles
3:10PM ET
 None 
 -- 
 Thursday, March 1st 
@
Los Angeles
3:05PM ET
 None 
 -- 
 Friday, March 2nd 
vs.
Texas
3:05PM ET
 None 
 -- 
 Saturday, March 3rd 
vs.
San Francisco
3:05PM ET
 None 
 -- 
 Sunday, March 4th 
@
Milwaukee
3:05PM ET
 None 
 -- 
 Monday, March 5th 
@
Los Angeles
3:05PM ET
 None 
 -- 
 Tuesday, March 6th 
@
Cincinnati
3:05PM ET
 None 
 -- 
 Wednesday, March 7th 
vs.
Chicago
8:05PM ET
 None 
 -- 
 Thursday, March 8th 
vs.
Los Angeles
8:05PM ET
 None 
 -- 
 Friday, March 9th 
@
Colorado
3:10PM ET
 None 
 -- 
 Saturday, March 10th 
@
San Diego
3:10PM ET
 None 
 -- 
 Sunday, March 11th 
@
Kansas City
4:05PM ET
 None 
 -- 
 Sunday, March 11th 
vs.
Milwaukee
4:05PM ET
 None 
 -- 
 Monday, March 12th 
vs.
Texas
4:05PM ET
 None 
 -- 
 Wednesday, March 14th 
vs.
Los Angeles
4:05PM ET
 None 
 -- 
 Thursday, March 15th 
vs.
Cincinnati
4:05PM ET
 None 
 -- 
 Friday, March 16th 
@
Oakland
4:05PM ET
 None 
 -- 
 Saturday, March 17th 
@
Chicago
4:05PM ET
 None 
 -- 
 Saturday, March 17th 
@
Chicago
7:05PM ET
 None 
 -- 
 Sunday, March 18th 
@
Chicago
4:05PM ET
 None 
 -- 
 Sunday, March 18th 
@
Seattle
4:10PM ET
 None 
 -- 
 Monday, March 19th 
@
San Francisco
4:05PM ET
 None 
 -- 
 Wednesday, March 21st 
vs.
Kansas City
9:05PM ET
 None 
 -- 
 Thursday, March 22nd 
vs.
San Diego
4:05PM ET
 None 
 -- 
 Friday, March 23rd 
vs.
Arizona
9:05PM ET
 None 
 -- 
 Saturday, March 24th 
@
Texas
3:05PM ET
 None 
 -- 
 Sunday, March 25th 
vs.
Cincinnati
3:05PM ET
 None 
 -- 
 Monday, March 26th 
@
Arizona
9:40PM ET
 None 
 -- 
 Tuesday, March 27th 
@
Arizona
3:40PM ET
 None 
 -- 
REGULAR SEASON
DATE
OPPONENT
TIME
TV
COVERAGE
 Thursday, March 29th 
@
Seattle
10:10PM ET
 None 
 -- 
 Saturday, March 31st 
@
Seattle
4:10PM ET
 None 
 -- 
 Sunday, April 1st 
@
Seattle
4:10PM ET
 None 
 -- 
 Monday, April 2nd 
@
Los Angeles
10:07PM ET
 None 
 -- 
 Tuesday, April 3rd 
@
Los Angeles
10:07PM ET
 None 
 -- 
 Wednesday, April 4th 
@
Los Angeles
4:07PM ET
 None 
 -- 
 Friday, April 6th 
vs.
Kansas City
4:10PM ET
 None 
 -- 
 Saturday, April 7th 
vs.
Kansas City
4:10PM ET
 None 
 -- 
 Sunday, April 8th 
vs.
Kansas City
1:10PM ET
 None 
 -- 
 Monday, April 9th 
vs.
Detroit
6:10PM ET
 None 
 -- 
 Tuesday, April 10th 
vs.
Detroit
6:10PM ET
 None 
 -- 
 Wednesday, April 11th 
vs.
Detroit
6:10PM ET
 None 
 -- 
 Thursday, April 12th 
vs.
Detroit
6:10PM ET
 None 
 -- 
 Friday, April 13th 
vs.
Toronto
7:10PM ET
 None 
 -- 
 Saturday, April 14th 
vs.
Toronto
4:10PM ET
 None 
 -- 
 Sunday, April 15th 
vs.
Toronto
1:10PM ET
 None 
 -- 
 Tuesday, April 17th 
@
Minnesota
7:10PM ET
 None 
 -- 
 Wednesday, April 18th 
@
Minnesota
7:10PM ET
 None 
 -- 
 Friday, April 20th 
@
Baltimore
7:05PM ET
 None 
 -- 
 Saturday, April 21st 
@
Baltimore
4:05PM ET
 None 
 -- 
 Sunday, April 22nd 
@
Baltimore
1:05PM ET
 None 
 -- 
 Monday, April 23rd 
@
Baltimore
7:05PM ET
 None 
 -- 
 Tuesday, April 24th 
vs.
Chicago
6:10PM ET
 None 
 -- 
 Wednesday, April 25th 
vs.
Chicago
7:10PM ET
 None 
 -- 
 Thursday, April 26th 
vs.
Seattle
6:10PM ET
 None 
 -- 
 Friday, April 27th 
vs.
Seattle
7:10PM ET
 None 
 -- 
 Saturday, April 28th 
vs.
Seattle
4:10PM ET
 None 
 -- 
 Sunday, April 29th 
vs.
Seattle
1:10PM ET
 None 
 -- 
 Monday, April 30th 
vs.
Texas
6:10PM ET
 None 
 -- 
 Tuesday, May 1st 
vs.
Texas
6:10PM ET
 None 
 -- 
 Wednesday, May 2nd 
vs.
Texas
1:10PM ET
 None 
 -- 
 Friday, May 4th 
@
New York
7:05PM ET
 None 
 -- 
 Saturday, May 5th 
@
New York
1:05PM ET
 None 
 -- 
 Sunday, May 6th 
@
New York
1:05PM ET
 None 
 -- 
 Tuesday, May 8th 
@
Milwaukee
7:40PM ET
 None 
 -- 
 Wednesday, May 9th 
@
Milwaukee
1:10PM ET
 None 
 -- 
 Friday, May 11th 
vs.
Kansas City
7:10PM ET
 None 
 -- 
 Saturday, May 12th 
vs.
Kansas City
4:10PM ET
 None 
 -- 
 Sunday, May 13th 
vs.
Kansas City
1:10PM ET
 None 
 -- 
 Monday, May 14th 
@
Detroit
7:10PM ET
 None 
 -- 
 Tuesday, May 15th 
@
Detroit
7:10PM ET
 None 
 -- 
 Wednesday, May 16th 
@
Detroit
1:10PM ET
 None 
 -- 
 Friday, May 18th 
@
Houston
8:10PM ET
 None 
 -- 
 Saturday, May 19th 
@
Houston
4:10PM ET
 None 
 -- 
 Sunday, May 20th 
@
Houston
8:08PM ET
 None 
 -- 
 Tuesday, May 22nd 
@
Chicago
8:05PM ET
 None 
 -- 
 Wednesday, May 23rd 
@
Chicago
8:05PM ET
 None 
 -- 
 Thursday, May 24th 
vs.
Houston
6:10PM ET
 None 
 -- 
 Friday, May 25th 
vs.
Houston
7:10PM ET
 None 
 -- 
 Saturday, May 26th 
vs.
Houston
7:15PM ET
 None 
 -- 
 Sunday, May 27th 
vs.
Houston
1:10PM ET
 None 
 -- 
 Monday, May 28th 
vs.
Chicago
4:10PM ET
 None 
 -- 
 Tuesday, May 29th 
vs.
Chicago
6:10PM ET
 None 
 -- 
 Wednesday, May 30th 
vs.
Chicago
1:10PM ET
 None 
 -- 
 Thursday, May 31st 
@
Minnesota
8:10PM ET
 None 
 -- 
 Friday, June 1st 
@
Minnesota
8:10PM ET
 None 
 -- 
 Saturday, June 2nd 
@
Minnesota
2:10PM ET
 None 
 -- 
 Sunday, June 3rd 
@
Minnesota
2:10PM ET
 None 
 -- 
 Tuesday, June 5th 
vs.
Milwaukee
7:10PM ET
 None 
 -- 
 Wednesday, June 6th 
vs.
Milwaukee
1:10PM ET
 None 
 -- 
 Friday, June 8th 
@
Detroit
7:10PM ET
 None 
 -- 
 Saturday, June 9th 
@
Detroit
4:10PM ET
 None 
 -- 
 Sunday, June 10th 
@
Detroit
1:10PM ET
 None 
 -- 
 Monday, June 11th 
@
Chicago
8:10PM ET
 None 
 -- 
 Tuesday, June 12th 
@
Chicago
8:10PM ET
 None 
 -- 
 Wednesday, June 13th 
@
Chicago
8:10PM ET
 None 
 -- 
 Thursday, June 14th 
@
Chicago
2:10PM ET
 None 
 -- 
 Friday, June 15th 
vs.
Minnesota
7:10PM ET
 None 
 -- 
 Saturday, June 16th 
vs.
Minnesota
4:10PM ET
 None 
 -- 
 Sunday, June 17th 
vs.
Minnesota
1:10PM ET
 None 
 -- 
 Monday, June 18th 
vs.
Chicago
7:10PM ET
 None 
 -- 
 Tuesday, June 19th 
vs.
Chicago
7:10PM ET
 None 
 -- 
 Wednesday, June 20th 
vs.
Chicago
1:10PM ET
 None 
 -- 
 Friday, June 22nd 
vs.
Detroit
7:10PM ET
 None 
 -- 
 Saturday, June 23rd 
vs.
Detroit
6:10PM ET
 None 
 -- 
 Sunday, June 24th 
vs.
Detroit
1:10PM ET
 None 
 -- 
 Monday, June 25th 
@
St. Louis
8:15PM ET
 None 
 -- 
 Tuesday, June 26th 
@
St. Louis
8:15PM ET
 None 
 -- 
 Wednesday, June 27th 
@
St. Louis
8:15PM ET
 None 
 -- 
 Friday, June 29th 
@
Oakland
10:05PM ET
 None 
 -- 
 Saturday, June 30th 
@
Oakland
4:05PM ET
 None 
 -- 
 Sunday, July 1st 
@
Oakland
4:05PM ET
 None 
 -- 
 Monday, July 2nd 
@
Kansas City
8:15PM ET
 None 
 -- 
 Tuesday, July 3rd 
@
Kansas City
8:15PM ET
 None 
 -- 
 Wednesday, July 4th 
@
Kansas City
8:15PM ET
 None 
 -- 
 Friday, July 6th 
vs.
Oakland
7:10PM ET
 None 
 -- 
 Saturday, July 7th 
vs.
Oakland
4:10PM ET
 None 
 -- 
 Sunday, July 8th 
vs.
Oakland
1:10PM ET
 None 
 -- 
 Monday, July 9th 
vs.
Cincinnati
7:10PM ET
 None 
 -- 
 Tuesday, July 10th 
vs.
Cincinnati
7:10PM ET
 None 
 -- 
 Wednesday, July 11th 
vs.
Cincinnati
7:10PM ET
 None 
 -- 
 Thursday, July 12th 
vs.
New York
7:10PM ET
 None 
 -- 
 Friday, July 13th 
vs.
New York
7:10PM ET
 None 
 -- 
 Saturday, July 14th 
vs.
New York
7:15PM ET
 None 
 -- 
 Sunday, July 15th 
vs.
New York
1:10PM ET
 None 
 -- 
 Friday, July 20th 
@
Texas
8:05PM ET
 None 
 -- 
 Saturday, July 21st 
@
Texas
8:05PM ET
 None 
 -- 
 Sunday, July 22nd 
@
Texas
3:05PM ET
 None 
 -- 
 Monday, July 23rd 
vs.
Pittsburgh
7:10PM ET
 None 
 -- 
 Tuesday, July 24th 
vs.
Pittsburgh
7:10PM ET
 None 
 -- 
 Wednesday, July 25th 
vs.
Pittsburgh
1:10PM ET
 None 
 -- 
 Friday, July 27th 
@
Detroit
7:10PM ET
 None 
 -- 
 Saturday, July 28th 
@
Detroit
6:10PM ET
 None 
 -- 
 Sunday, July 29th 
@
Detroit
1:10PM ET
 None 
 -- 
 Monday, July 30th 
@
Minnesota
8:10PM ET
 None 
 -- 
 Tuesday, July 31st 
@
Minnesota
8:10PM ET
 None 
 -- 
 Wednesday, August 1st 
@
Minnesota
1:10PM ET
 None 
 -- 
 Friday, August 3rd 
vs.
Los Angeles
7:10PM ET
 None 
 -- 
 Saturday, August 4th 
vs.
Los Angeles
7:10PM ET
 None 
 -- 
 Sunday, August 5th 
vs.
Los Angeles
1:10PM ET
 None 
 -- 
 Monday, August 6th 
vs.
Minnesota
7:10PM ET
 None 
 -- 
 Tuesday, August 7th 
vs.
Minnesota
7:10PM ET
 None 
 -- 
 Wednesday, August 8th 
vs.
Minnesota
7:10PM ET
 None 
 -- 
 Thursday, August 9th 
vs.
Minnesota
1:10PM ET
 None 
 -- 
 Friday, August 10th 
@
Chicago
8:10PM ET
 None 
 -- 
 Saturday, August 11th 
@
Chicago
7:10PM ET
 None 
 -- 
 Sunday, August 12th 
@
Chicago
2:10PM ET
 None 
 -- 
 Monday, August 13th 
@
Cincinnati
7:10PM ET
 None 
 -- 
 Tuesday, August 14th 
@
Cincinnati
7:10PM ET
 None 
 -- 
 Wednesday, August 15th 
@
Cincinnati
7:10PM ET
 None 
 -- 
 Friday, August 17th 
vs.
Baltimore
7:10PM ET
 None 
 -- 
 Saturday, August 18th 
vs.
Baltimore
4:05PM ET
 None 
 -- 
 Sunday, August 19th 
vs.
Baltimore
1:10PM ET
 None 
 -- 
 Monday, August 20th 
@
Boston
7:10PM ET
 None 
 -- 
 Tuesday, August 21st 
@
Boston
7:10PM ET
 None 
 -- 
 Wednesday, August 22nd 
@
Boston
7:10PM ET
 None 
 -- 
 Thursday, August 23rd 
@
Boston
1:05PM ET
 None 
 -- 
 Friday, August 24th 
@
Kansas City
8:15PM ET
 None 
 -- 
 Saturday, August 25th 
@
Kansas City
7:15PM ET
 None 
 -- 
 Sunday, August 26th 
@
Kansas City
2:15PM ET
 None 
 -- 
 Tuesday, August 28th 
vs.
Minnesota
7:10PM ET
 None 
 -- 
 Wednesday, August 29th 
vs.
Minnesota
7:10PM ET
 None 
 -- 
 Thursday, August 30th 
vs.
Minnesota
1:10PM ET
 None 
 -- 
 Friday, August 31st 
vs.
Tampa Bay
7:10PM ET
 None 
 -- 
 Saturday, September 1st 
vs.
Tampa Bay
7:10PM ET
 None 
 -- 
 Sunday, September 2nd 
vs.
Tampa Bay
4:10PM ET
 None 
 -- 
 Monday, September 3rd 
vs.
Kansas City
4:10PM ET
 None 
 -- 
 Tuesday, September 4th 
vs.
Kansas City
7:10PM ET
 None 
 -- 
 Wednesday, September 5th 
vs.
Kansas City
1:10PM ET
 None 
 -- 
 Thursday, September 6th 
@
Toronto
7:07PM ET
 None 
 -- 
 Friday, September 7th 
@
Toronto
7:07PM ET
 None 
 -- 
 Saturday, September 8th 
@
Toronto
4:07PM ET
 None 
 -- 
 Sunday, September 9th 
@
Toronto
1:07PM ET
 None 
 -- 
 Monday, September 10th 
@
Tampa Bay
7:10PM ET
 None 
 -- 
 Tuesday, September 11th 
@
Tampa Bay
7:10PM ET
 None 
 -- 
 Wednesday, September 12th 
@
Tampa Bay
1:10PM ET
 None 
 -- 
 Friday, September 14th 
vs.
Detroit
7:10PM ET
 None 
 -- 
 Saturday, September 15th 
vs.
Detroit
1:05PM ET
 None 
 -- 
 Sunday, September 16th 
vs.
Detroit
1:10PM ET
 None 
 -- 
 Tuesday, September 18th 
vs.
Chicago
7:10PM ET
 None 
 -- 
 Wednesday, September 19th 
vs.
Chicago
7:10PM ET
 None 
 -- 
 Thursday, September 20th 
vs.
Chicago
7:10PM ET
 None 
 -- 
 Friday, September 21st 
vs.
Boston
7:10PM ET
 None 
 -- 
 Saturday, September 22nd 
vs.
Boston
7:10PM ET
 None 
 -- 
 Sunday, September 23rd 
vs.
Boston
1:10PM ET
 None 
 -- 
 Monday, September 24th 
@
Chicago
8:10PM ET
 None 
 -- 
 Tuesday, September 25th 
@
Chicago
8:10PM ET
 None 
 -- 
 Wednesday, September 26th 
@
Chicago
8:10PM ET
 None 
 -- 
 Thursday, September 27th 
@
Kansas City
8:15PM ET
 None 
 -- 
 Friday, September 28th 
@
Kansas City
8:15PM ET
 None 
 -- 
 Saturday, September 29th 
@
Kansas City
7:15PM ET
 None 
 -- 
 Sunday, September 30th 
@
Kansas City
3:15PM ET
 None 
 -- 
^ Jump to top
